doc_id,gl_ratio_no_set,gl_ratio_set
nyp.33433075840177,0.921155094094744,0.520480225988701
hvd.hw3q0s,0.942211889737629,0.388145315487572
njp.32101067487007,1.04711527974697,0.425073099415205
nyp.33433081958500,0.732319462586303,0.390183440753594
nyp.33433074955331,1.01997422680412,0.482859941234084
uc2.ark+=13960=t1td9p949,1.25372966909703,0.469760900140647
hvd.hn6nee,0.787427972760608,0.387984496124031
mdp.39015078572263,1.48847707293894,0.609720885466795
mdp.39015024230610,1.05915833045878,0.451889168765743
mdp.39015039369650,0.865351976076942,0.389150943396226
dul1.ark+=13960=t3vt2js1t,0.957335602285159,0.39527027027027
uiuo.ark+=13960=t9h41nx14,0.900068540095956,0.437054631828979
dul1.ark+=13960=t6834qb4k,0.622582331416623,0.425474254742547
nyp.33433074911532,1.07219389640139,0.421756414889772
nyp.33433074911508,1.03966799611944,0.438733552631579
nyp.33433074918784,0.768986672308018,0.420829406220547
nyp.33433074955091,0.685027059530968,0.396543883583447
njp.32101074629542,1.09485863988648,0.430960715674835
nyp.33433074955109,0.654594017094017,0.379918032786885
njp.32101066479765,0.709746545481416,0.384197056941779
mdp.39015033367668,1.30020196191575,0.499016715830875
nnc1.cu58506756,0.849782616137756,0.405405405405405
uva.x000498882,0.760610536681438,0.348947243908209
nnc1.1002330709,0.784733662822625,0.448992443324937
mdp.39015021250124,1.04620157085341,0.410659272951325
njp.32101051650776,0.880734364984891,0.407964601769912
mdp.39015063950102,0.901048846269104,0.416392363396972
mdp.39015063931474,1.03237904738092,0.422480620155039
nnc1.0037104152,0.961971076593465,0.390854995302224
nyp.33433074874300,0.952757884156301,0.47344398340249
njp.32101062743727,0.926693270649975,0.41357822236799
uc2.ark+=13960=t5t728t8q,1.02243409983174,0.379045177827619
nyp.33433074874748,0.84411334079752,0.434196135617937
mdp.39015005076883,0.692858465526819,0.343161094224924
mdp.39015003931113,0.68843750731285,0.331230925737538
nyp.33433074911771,0.866641832743528,0.41791604197901
mdp.39015023189999,0.933262991295173,0.411549950215732
nyp.33433051569915,1.10319500550863,0.500968992248062
njp.32101068177102,1.12121623455952,0.492063492063492
njp.32101068177094,1.10250102501025,0.497888513513513
uiuo.ark+=13960=t0ns19n7m,0.963785542509549,0.486486486486487
uiuo.ark+=13960=t2988vx2b,0.747851650836725,0.446750409612234
nyp.33433074954979,0.897684332913477,0.373807458803122
uc1.b250120,1.02709973753281,0.421410891089109
uiuo.ark+=13960=t8w95tz11,0.9717082616179,0.445
uiuo.ark+=13960=t8nc69j1b,0.788239875389408,0.387321490769767
uc1.b248234,0.730268717255366,0.358842443729904
nyp.33433074951611,0.787400957087942,0.388830715532286
hvd.hwkdax,0.89974333048145,0.416974169741697
uiuo.ark+=13960=t1gh9v49g,0.794918480509807,0.374103177314657
uiuo.ark+=13960=t6xw4rw1j,0.840181893344357,0.388468468468468
uiuo.ark+=13960=t3xs6cp6m,1.00566942869603,0.475265017667845
uiuo.ark+=13960=t86h4xr9x,0.591966173361522,0.360496014171833
dul1.ark+=13960=t3dz14r97,1.22675736961451,0.507219375873312
nyp.33433067303937,0.815271030182472,0.376656472986748
njp.32101037977574,0.85586196503918,0.37449118046133
uiuo.ark+=13960=t18k7vt5k,1.03930204980518,0.490909090909091
uc2.ark+=13960=t82j6cs08,1.1092936802974,0.544973544973545
dul1.ark+=13960=t0tq6sw6t,1.19856549641374,0.49755859375
nyp.33433074915970,0.830437273248043,0.355058631033542
uiuo.ark+=13960=t9f481w8n,0.707336408186797,0.385211267605634
uiuo.ark+=13960=t7br98r5d,1.14342437733125,0.486633439057544
uiuo.ark+=13960=t6251zn27,0.746089213744108,0.366590088611749
uiuo.ark+=13960=t5z615j7x,0.951908908238446,0.486915887850467
uiuo.ark+=13960=t95723s7x,0.88303373553312,0.361992768179992
uiuo.ark+=13960=t09w1328x,0.822314981949459,0.411194029850746
njp.32101013133523,0.805587229190422,0.398070469798658
njp.32101038161780,1.13142673521851,0.380053015241882
mdp.39015063759552,0.951724137931034,0.345761802575107
uc1.31158008377706,1.23135135135135,0.417462482946794
uiuo.ark+=13960=t2b85z60c,1.25565006075334,0.446140035906643
uc1.b287473,1.17140337122697,0.432059866089011
mdp.39015063556271,1.23773129525342,0.451984126984127
mdp.39015004200997,0.876663542642924,0.411032028469751
uiuo.ark+=13960=t4km00443,1.25808305791062,0.455014058106842
uiuo.ark+=13960=t3jw90j80,0.909448431815947,0.41913282863042
uiuo.ark+=13960=t6zw24n6x,1.11804767309875,0.428571428571429
uiuo.ark+=13960=t09w14g77,1.33252565564424,0.473897389738974
mdp.39015021039998,0.968466060929984,0.424071991001125
mdp.39015063967478,0.727722251446607,0.374955908289242
uiuo.ark+=13960=t1rf6b61z,1.23391760028912,0.458270676691729
uva.x000960744,1.0765306122449,0.500391542678152
mdp.39015021040004,0.887018452573648,0.406377998829725
mdp.39015021039980,0.936506995494427,0.407664537628437
uc1.b254212,1.70237769882482,0.607565011820331
ucm.5324200594,1.22292993630573,0.422350922350922
mdp.39015059372105,1.2111273289259,0.446688741721854
uiuo.ark+=13960=t00z7jj1c,0.919813760993275,0.408514121981171
uiuo.ark+=13960=t1ng5958h,0.958060492672279,0.486474881923572
hvd.hwjtfk,0.970921305182342,0.463851109520401
nyp.33433075768253,0.902133794694348,0.372925994205952
dul1.ark+=13960=t41r7h934,1.08698328935796,0.473818646232439
umn.31951002081141q,1.11003093866197,0.403358342265095
uiuo.ark+=13960=t8x92v101,1.10448891292591,0.487521968365554
uc1.b3575696,1.13163256267163,0.49535192563081
uc1.b3575698,1.20698051948052,0.644691780821918
mdp.39015051156498,1.15836012861736,0.442128189172371
nyp.33433074937610,1.13086749851456,0.478059071729958
uc1.b3290572,1.00274390243902,0.374547846103256
hvd.32044014279723,0.843320949765789,0.394140742977952
uiuo.ark+=13960=t15m6kw75,0.818173328352634,0.36783169324737
uiuo.ark+=13960=t44q88m18,0.890825905182614,0.386728395061728
hvd.32044020321865,0.976644560695308,0.386273734177215
uc2.ark+=13960=t0ms3qz4m,1.05324707638716,0.418298743057586
wu.89100297621,1.02292832143743,0.385887980865059
uc2.ark+=13960=t3hx1bd9t,1.37475198412698,0.564274447949527
uc1.b316144,1.09399240798812,0.453511053315995
mdp.39015063994266,1.14979539091105,0.433417538794659
nyp.33433074937438,0.922708997643144,0.392465143874221
nyp.33433074937446,0.843014838943178,0.422073791348601
nyp.33433081585105,0.877634519511776,0.405318661164603
njp.32101032308387,1.13851626322612,0.412948381452318
uc2.ark+=13960=t3rv0jp0n,1.20585030592574,0.480920845159256
nyp.33433074863691,1.21594400819392,0.43609022556391
uc2.ark+=13960=t8ff3s14j,1.29248649199715,0.523876901308808
uc2.ark+=13960=t1mg7hw3f,1.06998596879119,0.395867964853954
njp.32101067634046,0.876332788543856,0.416170212765957
uc2.ark+=13960=t4wh2p202,0.970540098199673,0.418852459016393
mdp.39015030996832,1.1057927127088,0.413473423980223
njp.32101067645505,1.44437569607722,0.447558509101416
hvd.hwjme4,1.41168409664623,0.420131291028446
mdp.39015002313487,1.19249695493301,0.43390243902439
nyp.33433074878889,1.28729416548079,0.432065875514652
mdp.39015000551799,1.41911580454627,0.412652068126521
umn.31951002096159c,1.07251566696509,0.43172268907563
uc1.31822038205001,0.955183217545294,0.423362592842674
nyp.33433074868807,1.30749229001633,0.464297358982719
uc1.b3326097,1.19492763245253,0.411195577055978
nyp.33433074919402,0.911837655016911,0.409476978095664
dul1.ark+=13960=t9n30pf1s,1.0610149979214,0.419309039280644
mdp.39015004880715,1.38120454395641,0.396951219512195
PoeRueMorgue1841,0.803300774671607,0.448994787788533
nnc1.1002365251,0.932212401143085,0.405162412993039
PoeMysteryMarieRoget1842,0.780575539568345,0.419518377693283
njp.32101068601341,0.843394105283738,0.38781163434903
njp.32101007059791,1.56329377472413,0.548015873015873
uc1.b248744,1.27569331158238,0.431262879010892
njp.32101075374379,1.00226139981774,0.374670648164412
uc2.ark+=13960=t7hq42c97,1.38268809087314,0.397770219198791
PoePurloinedLetter1845,0.670502725620836,0.440045248868778
uc2.ark+=13960=t0bv79z1x,0.932639611515782,0.418402777777778
mdp.39015006997806,1.27994700335126,0.439580995136551
uc1.32106010644463,0.926271627422922,0.369731460074693
mdp.39015004274992,1.0481437531785,0.433862433862434
mdp.39076006220961,1.27424867413082,0.435294117647059
nyp.33433074931118,1.34739774075411,0.447230642050152
uiuo.ark+=13960=t3vt1zh5r,1.13449391465106,0.467336683417085
nyp.33433082170576,1.1466581795035,0.45219298245614
uc2.ark+=13960=t9f47kt3k,1.44796053423174,0.511411992263056
mdp.39076006220979,1.384835956255,0.425837320574163
nyp.33433082514187,1.01156567652024,0.406228688338259
nyp.33433074863782,1.19907729254882,0.438336856941508
uiuo.ark+=13960=t8pc3d497,1.181376311077,0.447170428524697
inu.30000060903741,1.12289319513294,0.411505353768633
uiuo.ark+=13960=t2j683k08,0.98342378444159,0.381067125645439
uva.x000180089,1.10529081990189,0.40855614973262
uc2.ark+=13960=t8df6mw4h,1.38067288544178,0.448027551659361
nyp.33433022846707,0.847790794611908,0.377927254608869
uiuo.ark+=13960=t2s475w45,1.13728786423311,0.438069524130948
uc2.ark+=13960=t2r49vz0v,1.02729844413013,0.404052734375
uc2.ark+=13960=t6154fk9b,1.00743494423792,0.383830845771144
mdp.49015001286492,1.17584705141198,0.378917378917379
uc1.b3324210,1.48084471225607,0.458190861050668
nyp.33433074954748,1.51012909059428,0.390425740631744
nyp.33433074920608,1.3302299337001,0.48997867803838
uc2.ark+=13960=t9862rx2r,1.5858147229115,0.634146341463415
uiuo.ark+=13960=t7pn9mm7s,1.83710582317663,0.581344902386117
uc2.ark+=13960=t2h70nx9q,1.46472727272727,0.609164420485175
RecollectionsAD,0.903914590747331,0.405331717661315
nyp.33433074870266,0.992682799351905,0.398004725649777
uiuo.ark+=13960=t9c53x809,1.31570050710948,0.453687521845509
uc1.b3324220,1.19232033904497,0.427720504009164
mdp.39015038723360,1.174455667789,0.400513179379519
uc1.b3324403,1.18710155670867,0.430166076776477
njp.32101067187755,1.61560366208396,0.451455060520216
dul1.ark+=13960=t4jm31m6k,1.52424963396779,0.49808847624249
uc1.b4101364,1.67283889494009,0.499150382327952
uc2.ark+=13960=t3bz6dj56,1.42722254503196,0.429111111111111
NottingHM,1.01284125379171,0.450470640968176
uc2.ark+=13960=t5n87gd14,1.45769985974755,0.432531155994843
dul1.ark+=13960=t1qf9gh9b,1.44585214637105,0.452358926919519
uc1.b250128,1.28707512448582,0.465976331360947
uc1.b250127,1.29128875764607,0.463097514340344
uc1.b250129,1.30174060708979,0.454784240150094
nyp.33433074929393,1.08140606991932,0.425895316804408
uva.x000380956,0.878058366905768,0.418060200668896
uva.x000237148,1.4923592918949,0.403270291568164
wu.89099780959,1.49754523776126,0.466340269277846
nyp.33433076060874,1.4453202987849,0.473454545454545
uc1.32106006960592,0.973195139385275,0.388614504808942
nyp.33433074945779,1.22508578248545,0.398408136192792
uc2.ark+=13960=t9571nb3d,2.12772984964259,0.591152019002375
dostoevskypunishment,1.19159042927516,0.519409513395298
uiuo.ark+=13960=t42r4bj1d,1.46476009758742,0.532660902977906
mdp.39015030307881,1.052555432186,0.39792899408284
njp.32101067630820,1.73208813658252,0.467758710348414
uc2.ark+=13960=t1sf2p11n,1.3303407063355,0.435372408497568
nyp.33433075833354,1.05694472565297,0.406259140099444
njp.32101068580768,1.32453333333333,0.622742474916388
uiuo.ark+=13960=t58d0ds3h,1.61489299893483,0.498043818466354
inu.30000007708815,1.22149514178069,0.412834765032845
uiuo.ark+=13960=t48p6974b,1.10676673526207,0.425514057910197
EllisSteamManPrairies1868,1.15608417200366,0.519196692262256
uiuo.ark+=13960=t3223k32d,1.35013640137587,0.508114856429463
mdp.39015004307362,1.12641138929799,0.5
nyp.33433074880075,1.25503010343231,0.447894893998208
spielhagenskeleton,1.28309509011809,0.557861961598339
uc1.b3386909,1.26019738076476,0.423117709437964
njp.32101067344661,1.48385202583676,0.432629462041227
uc2.ark+=13960=t6251m863,1.60942695090945,0.514110429447853
mdp.39015018606049,1.32966545747682,0.427891837756635
uva.x030223689,0.731522008423487,0.375522388059702
inu.30000007695723,1.0746383363472,0.390909090909091
njp.32101067707909,1.32293691192349,0.426027755957057
njp.32101031806142,1.20602974458455,0.509325044404973
uc2.ark+=13960=t9t14vb5t,1.22261943451414,0.52343059239611
uc2.ark+=13960=t44q7rc7f,1.75333421365377,0.626934097421203
nyp.33433075818801,1.09919373416264,0.410675717371182
uc2.ark+=13960=t53f4sg3b,1.32460372157133,0.563819577735125
nyp.33433082168877,1.09361587982833,0.517938682322244
njp.32101031806159,1.19704942679947,0.466692337312283
uiuo.ark+=13960=t1qf99m3q,1.19932328514303,0.473325310870437
uc1.b4101416,1.19660370504904,0.464474678760393
uc2.ark+=13960=t9474d81g,1.2609333605054,0.413037447988904
uc1.$b813705,1.03711857151593,0.427516976675524
uiuo.ark+=13960=t0ft97228,1.55854076122745,0.536903039073806
nyp.33433075818611,1.12828843106181,0.440429338103757
vergacastleoftrezza,1.37824529991047,0.734343434343434
mdp.39015010330341,0.527833285755067,0.389455782312925
njp.32101067641678,1.76960332103321,0.573192239858907
mdp.39015026244999,1.15289530446325,0.461968680089485
mdp.39015035566440,1.26126034112961,0.427063935443824
uc2.ark+=13960=t5db7zr5v,1.40807118686552,0.555006735518635
uc2.ark+=13960=t5bc3wr6q,1.07019367028814,0.448151125401929
uiuo.ark+=13960=t2697pf21,1.57010508849558,0.553655408294143
uva.x030743237,2.43522890576884,0.928902627511592
uc1.b3578701,0.881860147033681,0.3657824933687
dul1.ark+=13960=t3dz0xh78,0.798877687838308,0.375190258751903
verajelihovskygeneralswill,1.31163816878103,0.713945172824791
mdp.39015078569723,0.955859576664946,0.394849785407725
nyp.33433074818778,0.840402640504759,0.397949673811743
uva.x030832557,1.32267787012513,0.433494363929147
uc1.$b813836,1.05541490857947,0.440875397105542
mdp.39015062658789,2.10969473331097,0.659562211981567
mdp.39015063559390,2.19190358467244,0.818840579710145
uc1.b318291,1.05089947089947,0.422597864768683
uiuo.ark+=13960=t9474zg09,1.01174512161287,0.386254295532646
coo.31924013476498,1.66001866106835,0.57713794585303
mdp.39015000541717,1.05403635172753,0.481399468556244
uc2.ark+=13960=t5n874v29,1.28642948444823,0.432091346153846
uc2.ark+=13960=t1dj5cf2j,1.44669805625981,0.545052292839903
njp.32101063580268,1.45964398927091,0.526711813393529
uiuo.ark+=13960=t7cr65585,1.06098877374784,0.477106579453636
uc1.b117774,1.03741268778107,0.484690067214339
mdp.39015059642994,1.32878297084683,0.524479459763647
uc2.ark+=13960=t4bn9zk9h,1.22351292713795,0.39047619047619
inu.30000042783591,1.21542394546229,0.463211772232885
njp.32101013621246,1.24741154227064,0.484992679355783
uc1.b4107807,1.35231232650168,0.457478005865103
uc2.ark+=13960=t0js9hc64,1.5576140593888,0.495709570957096
uc2.ark+=13960=t0cv4hf87,1.31896551724138,0.506692160611855
dul1.ark+=13960=t3zs3df24,1.24656112120426,0.451550387596899
uc1.b4104961,1.65320910973085,0.580911062906725
nyp.33433074939723,1.31673270893372,0.479174627435995
uc2.ark+=13960=t1gh9jr4d,1.29585253456221,0.50124599501602
nnc1.0040976017,1.29763042231989,0.504851120776179
nnc1.0022035958,0.948509284604572,0.428748068006182
uva.x000674483,1.37199384787472,0.449047475052918
uva.x001307832,1.21833317566928,0.4157134256472
nyp.33433074866686,1.57052478738851,0.555047619047619
uc2.ark+=13960=t2h70dt42,1.19296331651439,0.476393024245002
dul1.ark+=13960=t66401k8k,0.778028331887829,0.362111630464669
nyp.33433075761720,1.36831534019583,0.492116579073101
uc2.ark+=13960=t4cn73z09,1.23085665577497,0.476190476190476
nyp.33433074864889,1.036866359447,0.394626865671642
nnc1.0111708131,1.35403561619562,0.493914157591288
nnc1.0040976025,1.04102884515256,0.443033854166667
mdp.39015007007282,0.874903275728656,0.43209229155742
mdp.39015066036578,1.41203941291183,0.462864721485411
uc1.b3325448,1.24264878852035,0.564522736583367
mdp.39015066083661,1.47951891232351,0.592189817103312
nyp.33433075737753,1.24302101309512,0.48048503220917
mdp.39015012876820,1.46647622248362,0.574540174249758
nyp.33433039680552,1.09128136014928,0.420333084762615
coo.31924014157121,1.42979365878208,0.579789473684211
nyp.33433076056781,1.18960746130983,0.470880211780278
uc1.b3578934,1.09994518545587,0.450718015665796
uc1.$b382267,1.24010180995475,0.475116124751161
nyp.33433079897819,1.42621359223301,0.681730148482892
uc1.b4105364,1.11167821120428,0.465432565168115
njp.32101068138443,0.794730474526146,0.412433862433862
mdp.39015049217741,1.42258792775665,0.477685441674361
nyp.33433075843544,1.150801504057,0.459340659340659
njp.32101013566920,1.10760911548861,0.444444444444444
nyp.33433075827018,0.777422235451704,0.398612425102491
nyp.33433075727168,1.01568682871679,0.46996879875195
uc2.ark+=13960=t45q4sn3p,1.21103547115729,0.514866204162537
uva.x000885514,1.0913280268119,0.429887106357695
uc1.b4105459,1.2832334091379,0.481465329262974
uc2.ark+=13960=t48p64044,1.59844240251009,0.51472602739726
nyp.33433075765705,1.4347216659992,0.520121488230828
nyp.33433082173273,1.31623931623932,0.617182564750474
uc2.ark+=13960=t9668pw05,1.55339539978094,0.70285316631872
mdp.39015063949229,1.28672772513103,0.436363636363636
inu.30000007703436,1.33726188844731,0.468699318845281
uc1.b4104774,1.08014025334049,0.408237157727993
uc2.ark+=13960=t17m0b23x,1.41204583718025,0.468381897086175
dul1.ark+=13960=t98637h6g,1.16438796847354,0.487864077669903
mdp.39015011950766,1.04438095238095,0.501586042823156
nyp.33433074897426,1.23995956254021,0.441148922884796
palmarinishadows,1.26440879382056,0.679266895761741
uva.x000459624,1.32003798670465,0.461163357715082
StokerDracula1897,1.69573226895916,0.461081234078687
nyp.33433074915269,1.33972194637537,0.47265625
uc1.b3578887,1.10764787032247,0.405895691609977
uc1.b249346,1.23023973415618,0.571236559139785
wu.89069113231,1.13822330888346,0.48963963963964
njp.32101076806486,1.86819705958215,0.74762946754194
uc1.b249543,1.51461988304094,0.535195936139332
JamesTurnOfScrew1898,1.23322639140745,0.451612903225806
uc1.b244810,1.25912596401028,0.474816369359916
nyp.33433074866413,1.86093275947224,0.556941778630838
uva.x000676502,1.27305691313259,0.468926553672316
uc1.b4104310,1.39638472032742,0.461964038727524
nyp.33433074876388,1.59783335562391,0.549498473615351
dul1.ark+=13960=t80k32x0x,1.13293943870015,0.435399321615788
nnc1.cu01664417,1.5083426028921,0.56635596981802
mdp.39076002720709,1.57388836329234,0.599652375434531
nyp.33433076024060,1.10898679227856,0.443786982248521
njp.32101021206436,1.2473331679484,0.455234159779614
11274,1.52579402664646,0.484044139576499
nyp.33433074954656,1.43141744904969,0.630434782608696
uc2.ark+=13960=t45q4tp5h,1.34656153725654,0.442170818505338
njp.32101063580995,1.04949836818566,0.457040572792363
inu.39000002156706,2.19022668947819,0.704511650966782
mdp.39015030365178,0.996606334841629,0.709090909090909
nyp.33433074850870,1.37473910191425,0.465625
nyp.33433075763080,0.888016184695942,0.406958682820752
uc1.32106001959946,1.36165206101915,0.465593434343434
mdp.39015039487205,1.98276274838401,0.839495040577096
uc1.b4103074,1.34179613489958,0.469139004149378
uc2.ark+=13960=t7tm74c51,1.19639855942377,0.455228981544771
nyp.33433074850961,0.988567635344446,0.403347554972104
nyp.33433074857248,1.55478018143754,0.509287925696594
mdp.39076002621501,1.56444743331092,0.639608520437536
nyp.33433081593646,1.22318007662835,0.706806282722513
uc1.32106001980371,2.8627325208467,1.38252427184466
dul1.ark+=13960=t1qf9cr59,1.17625553203771,0.550445800093853
uc1.b3578940,1.22810574116121,0.491160645657187
nyp.33433074941562,1.16515763063161,0.481308411214953
nyp.33433068179716,1.33464244804451,0.557504873294347
uc1.b3324205,1.3682383569569,0.464705882352941
wu.89004395398,1.15510430383256,0.499330058061635
RedThumbMark,0.846656340494309,0.383082952318746
nyp.33433082332010,1.54474370112945,0.735820895522388
mdp.39015063941135,1.07266921476607,0.404147698533131
nyp.33433074870282,1.54983635822672,0.489690721649485
nyp.33433075766463,1.32692307692308,0.468586387434555
njp.32101066455278,1.40123503275849,0.525780955965374
uc2.ark+=13960=t10p0xs0f,1.06221904372701,0.447622585438336
uc2.ark+=13960=t3707xt9q,1.57399697199092,0.519607843137255
coo.31924013525971,1.32526513855628,0.437281009110021
uc2.ark+=13960=t9s17v81t,1.59248516809492,0.565751741089717
uc2.ark+=13960=t4qj79t1j,1.11044234952864,0.472482216398353
uc2.ark+=13960=t0pr7n71q,1.10729451731622,0.411079410366144
nyp.33433075746895,1.0423159293996,0.434531886024423
mdp.39015011950758,0.962893081761006,0.446258084385587
uc2.ark+=13960=t7hq41f5s,1.32724189902035,0.466748017083588
uc2.ark+=13960=t83j39v3z,1.5406810766721,0.563651591289782
uc2.ark+=13960=t40r9p16h,1.45650802551342,0.480690737833595
nyp.33433076060080,1.37251589825119,0.470605187319885
inu.30000011752437,1.19904953390605,0.401451702959241
mdp.39015006963881,1.48759956553222,0.540224719101124
nyp.33433074848668,1.13039131676664,0.43718112244898
njp.32101068574530,1.20440620518837,0.450926561427591
uva.x001752097,1.10899882560188,0.452219112355058
nyp.33433075968796,1.38254570541566,0.577848101265823
uc1.$b807274,1.62059747561043,0.530691530691531
nyp.33433076073786,1.33819367012608,0.437747470303564
uc2.ark+=13960=t5j961w9x,1.06468051744414,0.411353711790393
uc2.ark+=13960=t3pv6dr2h,1.37520552449852,0.583333333333333
uc2.ark+=13960=t3xs5jt7k,1.83583519642287,0.77296886864085
uc1.32106001930137,1.34702024522384,0.498358502954695
uc2.ark+=13960=t5v69m62h,1.30585953733204,0.606167846309403
uc1.b3578339,1.85917587085811,0.637784090909091
mdp.39076002194574,1.52390499691548,0.56125
uc2.ark+=13960=t2794143s,1.15990180032733,0.443059882312219
uc2.ark+=13960=t6zw19x28,0.990738806489799,0.447663889894966
mdp.39015074379739,1.0404887646267,0.452988047808765
uc2.ark+=13960=t0xp6w75n,1.15480961923848,0.662921348314607
coo.31924051019580,1.20440715471141,0.468906361686919
mdp.39015001553547,1.55953134895503,0.729898516783763
ien.35556027278860,1.5194678780013,0.501286291804484
uc1.b4095602,1.35378890392422,0.465894465894466
uc1.b3123600,1.23463624039765,0.579710144927536
mdp.39015085433426,1.31945169712794,0.588133640552995
nyp.33433076053762,1.97793163132843,0.701157742402315
mdp.39015031332862,1.28041094707761,0.46301824212272
mdp.39015048759016,1.46328374431085,0.473739130434783
mdp.39076002657265,1.31807780320366,0.544250132485427
uc2.ark+=13960=t3222sk2s,1.28878081502599,0.440349781386633
inu.30000118528748,1.1504678250907,0.552816901408451
mdp.39015083943665,1.56293200450088,0.629206730769231
uc2.ark+=13960=t8z89353s,1.37937235860085,0.480590062111801
uva.x000429691,1.19871349095967,0.467527675276753
uc2.ark+=13960=t5x63bm4w,1.57991289428534,0.582601054481547
uva.x000315604,1.26020289373025,0.423344017094017
uc2.ark+=13960=t1bk18j97,1.33693771626298,0.658536585365854
nyp.33433076047871,1.05675580987971,0.42260816575259
nyp.33433074879481,1.3776207440285,0.46489773355445
mdp.39015000613680,1.07965638422491,0.430560159098442
inu.39000005852087,1.376953125,0.532555879494655
uc2.ark+=13960=t1zc7v45r,1.09956612806703,0.425439950602038
nyp.33433075749287,1.36589481578701,0.508394317692639
nyp.33433074841895,1.36245525652923,0.446764705882353
nyp.33433074949615,1.54344076748949,0.493718592964824
nyp.33433075741243,1.33815276952532,0.485761589403974
mdp.39076002286230,1.54443801812223,0.58462492250465
umn.319510024638086,1.16057142857143,0.517985611510791
nyp.33433076076144,1.4401285046729,0.480566986739826
uc2.ark+=13960=t53f4nk4h,1.46777324791303,0.505103969754253
nyp.33433076081649,1.54335378323108,0.638172043010753
uc1.b3728033,1.30615942028985,0.610596026490066
nyp.33433074968045,1.30754845290717,0.468782699686083
uc2.ark+=13960=t3125st2r,1.68748050651862,0.514810648668916
uva.x001705067,1.48759431717762,0.506679700228087
mdp.39076002607435,1.47051597051597,0.55115712545676
mdp.39015010776881,1.58673672478306,0.585838607594937
nyp.33433082530043,1.39723813721169,0.598049837486457
nyp.33433068179559,1.34428017450315,0.458617863971592
uc2.ark+=13960=t2h70dm6b,2.52893467777291,0.816239316239316
uc2.ark+=13960=t7pn9035n,2.04183467741935,0.673067454455933
nyp.33433074807342,1.66092563872337,0.560698335363378
nyp.33433082485636,1.57977922729553,0.766172506738544
nyp.33433076054620,1.18168327326691,0.464031339031339
uc2.ark+=13960=t1pg1k81k,1.4974358974359,0.573191250701066
uc2.ark+=13960=t7np1xq4d,1.34879904520364,0.59520697167756
nyp.33433082251855,1.41484523984157,0.473259334006054
mdp.39015013429249,1.33306331848252,0.46756082345602
mdp.39076002660483,1.37288634024408,0.574754267977237
nyp.33433082524822,1.98515376458112,0.959214501510574
nyp.33433074926712,1.34774946765548,0.461614173228346
LindsayVoyageToArcturus1920,1.32273291925466,0.450331125827815
4485,1.67650230369572,0.572884359769606
4463,1.43106261472568,0.51174711661683
nyp.33433082514302,1.31294289287203,0.500870170553428
4459,1.46941457586619,0.467339667458432
4458,1.16604325906651,0.480166346769034
4497,1.54175824175824,0.512026458208058
mdp.39015063960556,1.46978503551988,0.510265183917879
nyp.33433075746812,1.20600536862476,0.431018935978359
nyp.33433074970710,1.25510616784631,0.488513220632857
mdp.39015031235545,2.38932633420822,0.827922077922078
4449,1.14310197086547,0.420902160101652
nyp.33433076047608,1.26157267030524,0.445625
4625,1.01607267645003,0.539247311827957
4529,1.97864225781846,0.948768472906404
mdp.39076002194368,1.34971498998613,0.586102719033233
4528,1.18922191946715,0.567300916138125
4599,2.21724759615385,0.847294938917976
nyp.33433075732655,1.37220399642112,0.481319322825452
mdp.39015002753815,1.42241768155165,0.491301059001513
4605,1.55603553671856,0.569661995053586
4514,1.51196369636964,0.827586206896552
4611,1.56027527289986,0.570063694267516
uc1.32106002123104,1.29886649228086,0.477607864554888
dul1.ark+=13960=t16m3xm4f,1.19347889944189,0.472587719298246
4705,1.52002976559593,0.554979253112033
njp.32101067301786,1.33705080545229,0.589203423304806
4708,1.13415414922433,0.402657128257537
uc2.ark+=13960=t93776z9n,1.1832884097035,0.443486295041577
mdp.39015063096088,1.85077616424637,0.730169971671388
uc1.31822033251729,1.34081715210356,0.572614107883817
nyp.33433074968417,1.05142716535433,0.519298245614035
nyp.33433076073893,1.46443514644351,0.470256187581416
4730,1.62466111055327,0.562125107112254
4720,1.16962476699895,0.532093362509117
4655,1.30699394754539,0.440993788819876
mdp.39015062473205,1.53792675356921,0.564341085271318
4698,1.14563738242946,0.452310426540284
4690,1.73300106799573,0.627101879327399
nyp.33433076072051,1.38240555614017,0.458143074581431
mdp.39015085351131,1.42736616045406,0.582677165354331
4748,0.997296079315007,0.490388387602982
uc2.ark+=13960=t9c53g45j,1.22406060001993,0.48682745825603
uc2.ark+=13960=t70v8bj6k,1.1862893867714,0.473214285714286
uc2.ark+=13960=t23b5ww6x,1.40885014345619,0.530268199233716
11113,1.15459107938079,0.446471600688468
11114,1.2544268963867,0.441689623507805
11109,1.25168864586684,0.474062854979175
10008,1.25159720109522,0.456360078277886
11018,1.14867374005305,0.401445086705202
10216,1.33609253953093,0.442612942612943
11123,0.870235242866478,0.380541505504314
11121,1.43291575889615,0.486614853195164
10235,1.52740039688597,0.532409698169223
11022,1.15971394517282,0.434900542495479
11156,1.23624880663876,0.454390160573967
11148,1.18480272771554,0.476210350584307
11141,1.14008014323472,0.445501097293343
11166,1.08031824209131,0.520652173913044
11169,1.34170602547588,0.491025129637016
10265,1.00013022528975,0.40032154340836
10250,1.66569598136284,0.675718849840256
11203,1.3563751317176,0.485931810658722
11191,1.51598532494759,0.524413443246671
11030,1.64868342902396,0.516483516483517
10270,1.59219554030875,0.470734302944307
10272,1.18078487676478,0.451099830795262
10269,2.489252814739,1.11253196930946
LovecraftCharlesDexter1927,0.967169050590381,0.406887328652625
10286,0.997416020671835,0.414546757434611
11226,1.29298236487541,0.417057444314185
10053,1.18480773271696,0.433214427269124
10292,1.15608962323194,0.448218997361478
11234,1.18030678791219,0.474909674829386
11242,1.32213057213057,0.433201296362982
10298,1.3891394212702,0.46105527638191
10302,1.30599023223363,0.468684321143338
10312,1.26234239033919,0.448211425520555
10310,1.03011803011803,0.464654487688642
11100,1.76491950127103,0.65554881746513
11255,1.30174585251455,0.47399577167019
11252,0.915168622790076,0.386466165413534
10301,1.34974656046343,0.468315301391036
10065,1.9118670886076,0.666906474820144
11277,1.50355479284138,0.620030581039755
11285,1.10366392495412,0.402383456011216
11298,1.24169504773603,0.450809061488673
11302,1.21807407407407,0.431869918699187
11311,1.34766649187205,0.463798530954879
10086,1.33926417370326,0.598303393213573
10083,1.17631983598155,0.451260820474219
10336,0.971403559964984,0.473726114649682
11305,0.70162754839815,0.341765873015873
11300,1.2505238964375,0.449215832710978
10330,1.7777045579352,0.605929919137466
10337,1.17932401418736,0.475890985324948
11349,1.35923629702691,0.425577264653641
10362,1.28752359495829,0.419725502713055
10361,1.041161998486,0.447960618846695
10365,1.60638508824113,0.578619367209971
10359,1.01267337886362,0.42457507082153
10353,1.61661848363331,0.543667123914037
10357,1.65803985001103,0.540109034267913
10355,1.28723798924133,0.464412111679119
10096,1.65786958759097,0.540498442367601
11323,1.09645267618898,0.48438855160451
10090,1.25509683995923,0.489513822688275
11339,1.0963964781701,0.454192546583851
11316,1.21892838115534,0.400824317362184
11384,1.29210084033613,0.463870431893688
11385,0.843960020678959,0.378433889602054
11383,1.69488804393747,0.551149166291122
11364,3.13972736124635,1.36557610241821
11358,0.701582553314677,0.352785846316345
11043,1.23594121270791,0.475780409041981
11044,1.44966505832201,0.470031545741325
10377,1.54533913674284,0.513922518159806
10380,1.8427015891701,0.535342261904762
11416,1.10972684876749,0.431422236300285
11046,1.02472455972933,0.395918367346939
10108,0.872168421052632,0.357789423535017
11404,1.26375,0.495825049701789
10403,1.24676042498311,0.431531783814058
11396,1.09097215340402,0.436594202898551
10435,1.447889485802,0.497823506133755
11442,1.11159068865179,0.390238037989901
10460,1.41516117605384,0.534914950760967
DinesenGothicTales1934,1.59650265091619,0.557121096725057
11472,1.82751381988664,0.569570358691368
11469,1.16584458639929,0.468926553672316
11468,1.25852883447051,0.470718722271517
11462,1.39141653501843,0.443375040102663
10476,0.990644224196856,0.410372848948375
10117,1.24159021406728,0.593386952636282
11499,0.987422199170125,0.39025974025974
10490,1.79719462302747,0.675931072818232
10494,1.60165389269867,0.592998955067921
10514,1.80068434559453,0.539269051321928
11552,0.976942080702717,0.412889812889813
11545,1.21183424431168,0.448532144184318
10531,2.12927641537996,1.01928020565553
10526,0.936472384830746,0.407457811649428
11519,1.21651472650771,0.443695861405197
11535,1.16353293413174,0.417337627482555
10561,1.59290558163798,0.566966398485566
11591,1.11671436305979,0.393112853733379
11575,1.78803356439256,0.590441176470588
11061,1.77896876732582,0.538771031455742
11564,1.12166282904972,0.456606724003127
11584,1.37295490112392,0.496367112810707
10543,1.28521501291597,0.49017199017199
10542,1.43702395407882,0.495137420718816
11606,0.813861167778574,0.370106761565836
11593,1.05178274962448,0.411124076234928
11592,1.75429574815001,0.660822249093108
10588,1.45697415545446,0.511243689765948
10889,1.78170798898072,0.680299539170507
11101,1.74353045798133,0.678839957035446
10622,1.34011545377117,0.516934801016088
10621,1.2824137652476,0.494136676101901
11664,1.35785869383665,0.543884220354809
10151,1.57286155202822,0.555370524562864
11675,1.3638548951049,0.493192797540624
10645,1.3110796460177,0.533650039588282
11681,1.45638641557009,0.461389212262321
11074,0.843579057046106,0.409052453468697
11073,1.85994867745756,0.615454545454545
10679,1.4156633547633,0.512981199641898
10690,1.41180479825518,0.489629930866206
10661,1.57637157107232,0.531894934333959
10665,1.32678403017919,0.503150315031503
10688,1.65329289428076,0.574412532637076
11709,1.28030765474301,0.49424736337488
11703,1.36710590531967,0.457496796240923
11711,0.593936286135504,0.33408287825249
11730,1.29000765696784,0.437376400791035
11736,1.6545262348645,0.546274323682962
11724,1.6762227702425,0.574883720930233
10700,1.67553191489362,0.77788191190253
10723,1.30448194520051,0.496327792810205
10736,1.34403424291065,0.497237569060773
10733,1.70269976050512,0.720364741641337
10746,1.31003946481856,0.529597830998644
11081,1.08259938109974,0.399459783913565
10761,2.25175438596491,0.736408566721582
11778,1.30231313324412,0.407379327773566
10778,1.51009657594381,0.554634904194718
10774,1.40130525797316,0.582164890633763
11782,1.11503150315032,0.550378567268492
10793,1.40280402316367,0.536520584329349
10765,1.64824581518,0.577377892030848
11809,1.13071246097076,0.412662662662663
11803,1.19335843889079,0.424478355652445
10829,1.10907230559345,0.399812734082397
10827,1.1949098621421,0.448338809784593
10828,1.15724937862469,0.449596774193548
10181,2.62292051756007,1.14027777777778
10835,1.85496605084478,0.625169760072431
10834,1.04221564936811,0.501491053677932
10832,1.11676528599606,0.445529676934636
10803,1.31262448291711,0.463768115942029
10808,1.40750773993808,0.56015037593985
PeakeTitusGroan1946,1.57694464172242,0.445449561403509
10814,1.37869292748433,0.485307621671258
10853,1.24126390392755,0.487484089944845
11829,1.45511807193755,0.387518764743727
10838,1.3079561868079,0.433794162826421
11836,1.62508185985593,0.495001851166235
10862,1.20945428326799,0.397871262037506
10877,1.1966140423764,0.480895915678524
10874,1.03332656995029,0.379149519890261
10911,1.40736571244773,0.468367346938776
10916,0.951401492236338,0.372352941176471
10922,1.07988123851265,0.385350318471338
10923,1.30500252016129,0.483463396506875
10883,1.7656699889258,0.749277456647399
Derleth1948,1.69792694965449,0.874031007751938
10917,0.997950055907566,0.408441116405718
11860,1.42857142857143,0.491992551210428
11877,1.3604055131564,0.485294117647059
11882,1.66052528420227,0.592570036540804
11096,1.05154115675621,0.414035087719298
10954,1.29707454034961,0.537808329963607
10951,1.42666731291198,0.453219592735278
10968,1.26799661240237,0.486735445836404
10962,1.34383128948346,0.473548387096774
11900,1.15993858936151,0.437959025898724
11896,1.67487479131886,0.494578815679733
10993,1.42170265651701,0.499819168173599
11928,1.29581795817958,0.478649068322981
11921,1.21005154639175,0.478382706164932
11927,0.975700455215747,0.414486279514997
11932,1.66716842281318,0.498930252460419
11004,1.38848492072953,0.530551415797317
11007,1.39685831302815,0.457159453964566
11098,1.45697009856705,0.507456670697299
11099,2.11005199306759,0.879310344827586
11907,1.0317100792752,0.409919028340081
11903,1.22326567706756,0.459392655367232
10202,1.36948991374041,0.475465313028765
10970,1.07907939794537,0.418653576437588
10986,1.70389631170494,0.562300319488818
10983,1.5248766041461,0.537661050545094
11013,1.08265704839194,0.446853741496599
20041,1.12705951580363,0.381320224719101
20032,1.66784931649797,0.649236192714454
20008,1.69803538478237,0.599708171206226
20002,0.982667194301543,0.392680514342235
20026,1.12339501510574,0.449233016800584
20021,1.23360417875798,0.484983766233766
23468,1.32383040935673,0.474440360841965
20044,1.01062009978617,0.398241206030151
20049,1.59680222453945,0.65270618556701
20065,1.3191516064257,0.497820823244552
20078,1.7097909556314,0.638421358096344
20079,1.29694821578758,0.448180984408438
20075,1.49120513429998,0.663056558363418
20070,1.55864347488096,0.605884975479269
20106,1.2025730484082,0.47948717948718
20114,1.6386927394532,0.510820895522388
20083,1.0238130785309,0.397758152173913
20089,1.38219895287958,0.557692307692308
20088,1.87026857232606,0.676593210244193
23474,1.58913057264253,0.501040221914008
20102,1.79516380655226,0.618841364374662
20136,1.62270901330655,0.478960396039604
20139,1.10310701956272,0.45171909290417
20162,1.57866542447886,0.5625
20163,1.83971201212581,0.648427672955975
20133,1.22059148090929,0.517683239364429
20152,1.63941832556826,0.588170865279299
20151,1.98333333333333,0.663683466792275
20176,1.50797872340426,0.541688515993707
20194,1.31562135266294,0.434120107559008
20205,1.31770182809129,0.501726689689196
20240,1.64358039692183,0.589276681841174
20222,1.16060136021954,0.465608465608466
20233,1.17135549872123,0.480688497061293
20218,1.395428802589,0.504530281354316
20219,1.60361596009975,0.598337950138504
23487,0.95173564753004,0.408490902604353
20290,1.21839194978579,0.476689976689977
20293,1.56174352688831,0.573468447719945
20270,1.29643642762868,0.469472885855138
20350,1.43892724375996,0.436410739519548
20352,1.40639767357325,0.511551155115512
20335,1.45168878166466,0.49531659797677
20380,1.25806350303068,0.394879927503398
20371,1.14663167104112,0.477064220183486
20370,1.14458067040563,0.440419769803656
20374,1.07582521219742,0.45348425893173
21104,1.58425217278506,0.713350785340314
BlochPsycho1959,1.60350771998201,0.586289837642814
JacksonHillHouse1959,1.75516441821248,0.567243035542747
20390,1.12527611233828,0.496585365853659
20393,1.27990841442473,0.510926118626431
20427,1.16211995002082,0.472263868065967
20428,1.47441023590564,0.481283422459893
20414,1.51947046527832,0.468944099378882
20417,1.47814661134163,0.577449370552819
20433,1.41611927849025,0.517047906776003
20471,1.70477906427221,0.479640718562874
20474,1.48392511297611,0.544399303540337
20450,1.17220393095879,0.4375
20496,1.24876137803894,0.499762244412744
20481,1.11100058028683,0.537773804202056
20480,2.04181343029201,0.724379719525351
20485,1.04196342637151,0.436197440585009
20505,1.74745050989802,0.619018023617154
23507,1.09742294087923,0.410376063683777
20526,1.42282798108041,0.512479201331115
20522,1.49503199730549,0.514236410698878
20544,1.74703114496975,0.76985111662531
20563,1.44259281950741,0.526088831392842
20533,1.55217133540833,0.447563559322034
20582,1.51906364595368,0.455474452554745
23514,1.21744372990354,0.404208542713568
20573,1.16267046973884,0.446428571428571
20572,0.998958815363258,0.501939864209505
20592,1.22046672114773,0.48963963963964
20665,1.15043825651422,0.435607219333129
20618,1.28105069722192,0.495557749259625
20661,1.82555957646428,0.57411028549081
23516,1.24161632993126,0.466022766471197
20642,1.5191523574341,0.472755905511811
20648,1.08217005076142,0.436598096407737
20649,1.10132046724225,0.54073199527745
20653,1.61661688840619,0.688888888888889
20655,1.13291746641075,0.688289806234204
20620,1.87124416964964,0.730870712401055
20632,1.3444963655244,0.450332963374029
20709,1.23739174732552,0.492082343626287
20684,1.07742129838831,0.404907975460123
20694,1.13700326466284,0.456132497761862
20698,1.51376944632332,0.518901711102268
20683,1.38688384967529,0.522808586762075
20720,1.61567825494206,0.599657338663621
20723,1.56905873679037,0.548510638297872
20677,1.82380178716491,0.628498727735369
20673,1.07431340872375,0.432064128256513
20671,1.54376163873371,0.727956254272044
20712,1.06733124465964,0.437345570067067
20767,1.32716114696857,0.498688811188811
20737,1.63724219210371,0.567901234567901
20727,1.21380928853755,0.503089143865843
20755,1.46627082302491,0.594987468671679
20750,2.06576556110859,0.659501709819248
20743,1.84405164848941,0.62993762993763
20734,1.33767911674888,0.460745176314039
20791,1.48507574621269,0.483196159122085
20772,1.58804185351271,0.576700052714813
20794,1.28523090992227,0.472856608011981
20820,1.45178298876093,0.436752849596886
20833,1.45841219244945,0.535277516462841
20837,1.08172845063177,0.399370409233998
20821,1.26785714285714,0.463818657367044
20839,1.18479848130841,0.461003295496155
23531,1.4719805081796,0.475225225225225
20842,1.4916964741952,0.550079491255962
20819,1.40322022160665,0.492302653128071
20855,1.5552801189886,0.58393753485778
20866,1.13206288708909,0.461811722912966
20922,1.49453521126761,0.558259968928017
20919,1.27056962025316,0.461795252225519
20871,1.02533798907691,0.369044797345343
20898,1.27758991699969,0.462300076161462
20899,1.97970687711387,0.836704119850187
23537,1.35986900498883,0.4211324570273
20956,0.829542097488922,0.43646669815777
20942,1.13933192897984,0.518878101402373
20936,1.41248286217928,0.495584599081597
20961,0.872795031055901,0.458840900701366
20979,1.46610386288053,0.567110036275695
20996,1.43204697986577,0.467274503419082
20982,1.51610142291644,0.551397655545537
21035,1.86069537186277,0.745188606620477
21028,1.62512242899119,0.538860103626943
21043,1.38237210001503,0.466747646522927
21116,1.22109448571728,0.453572956782199
21143,1.50006920415225,0.566326530612245
21142,1.19836182336182,0.456513183785911
21088,1.64397840010046,0.611295681063123
21147,1.2353122749254,0.502255022550225
21094,1.60825446385013,0.509303721488595
21114,1.51509531933833,0.516930022573363
21079,1.24722360351401,0.44983164983165
21127,1.47300996386729,0.549836218998596
21126,1.46905017646156,0.426925091671032
21221,1.47340705634544,0.500406504065041
21187,1.25351900261412,0.404701931150294
21211,1.50578748862011,0.612866817155756
21179,1.16954116498536,0.529098178587295
21288,1.46159491193738,0.507557944239167
21286,1.15716577991724,0.43552
21318,1.38423538352967,0.449135732502125
21362,1.67805039787798,0.483425414364641
21351,1.37652391372304,0.500199600798403
21356,1.4247143177235,0.538967136150235
21355,1.45090958954201,0.477320516671673
21335,2.03399774955795,0.611228366399325
21379,1.1768102372035,0.505040806529045
21304,1.43356553147575,0.536214953271028
21341,1.1952226811028,0.498171846435101
21330,1.49383014759255,0.556429414077861
21453,1.54050654870327,0.458756724447101
21473,1.32184663948441,0.506538796861377
21443,1.29088216627882,0.49805144193297
21470,1.59319115114585,0.543589743589744
21412,1.31330986442963,0.479659763313609
21469,1.35612525042665,0.456757549105834
21417,1.40352139341159,0.467117988394584
21423,1.05879124648419,0.405575838035181
21390,1.15209896572703,0.430607187112763
21416,1.37852849158083,0.449110974862048
21569,1.47250334160779,0.582919114324446
21565,1.23617511520737,0.468590211833455
21560,1.37479071992346,0.577314071696094
21500,1.28381235100976,0.460227272727273
21494,1.34352575773803,0.45126993502658
21578,1.32572322126661,0.512673753066231
21579,1.59974863845832,0.511359107214029
21501,1.46280719115949,0.591905564924115
21511,1.62893302865178,0.515011547344111
21589,1.40015311981626,0.594533029612756
21542,1.67709740007761,0.427975406236276
21552,1.52227866006558,0.50253807106599
21519,1.19608857615894,0.469350073855244
21488,1.28890176760359,0.430955497382199
21670,0.945882194365817,0.394437420986094
21620,1.32740665481331,0.471029720804563
21685,1.1405713113493,0.393875075803517
21611,1.39475167028898,0.504016913319239
21607,1.06441902468393,0.41127283988851
21631,1.59310344827586,0.505507955936353
21672,1.65842045336922,0.592996816734879
21603,1.55418559377028,0.552250803858521
21739,1.26375674135134,0.379310344827586
21749,1.18861613808756,0.444968024234265
21686,1.7650505623287,0.511581067472306
21734,1.12815511702616,0.41396789636722
21845,1.49700520833333,0.506747159090909
21851,1.70414272030651,0.644497607655502
21904,1.47976249381494,0.53715308863026
21877,1.24597374037902,0.473321234119782
21876,1.40235585864848,0.482703395259449
21905,0.791467052336618,0.412410299704517
21900,1.32190823457916,0.4638671875
21864,1.27065933604734,0.424102812803104
21866,1.04657553067253,0.40511086057873
21967,1.1841622822053,0.379619505794883
21999,1.5005076142132,0.585164835164835
21929,1.04758378078134,0.393511988716502
21920,1.73831094449651,0.536912751677852
22029,1.29560696254992,0.472338642078793
21981,1.45745661832509,0.504749568221071
22133,1.44990530597038,0.423048510219158
22054,1.14202755905512,0.462660944206009
22097,1.23758345546328,0.490078622238862
22073,1.18922921575227,0.415737926376224
22107,1.71022345430108,0.493325594892629
22103,1.22585790653561,0.416646326580425
22168,1.24376917177914,0.483458314953683
22221,1.29941685099537,0.51067463706234
22241,1.44020956123117,0.575132275132275
22193,1.24005173856806,0.514
22305,1.17792250696116,0.416176882171844
22340,1.27141834380718,0.457431960921144
22325,1.51134864080232,0.59
22332,1.67849271240668,0.534825870646766
22375,1.33713819812475,0.532145960034752
22488,1.28071210779974,0.424565140220092
22499,1.61085917391837,0.6033934252386
22492,1.43920618652753,0.515496809480401
22498,1.41223216980183,0.45332936979786
22530,1.81310351487061,0.559815950920245
22723,1.61374002280502,0.586538461538462
22685,1.68553172067549,0.435937911076033
22766,1.44651260064833,0.596482657547631
22783,1.59966316172789,0.48895800933126
22692,1.40936875869999,0.494344644045243
22748,1.86882255389718,0.679572763684913
22628,1.14199825098382,0.485483870967742
22623,1.06220119036004,0.401994301994302
22803,1.22878400372007,0.432593574031136
22678,1.55589386689865,0.632533645406671
22676,1.29695115627917,0.458500462820117
22708,1.61788617886179,0.535931355023239
23601,1.69479920632703,0.467432950191571
22649,1.46328313812976,0.556866446436999
22609,1.14940015995734,0.435807582032494
22741,1.91908792801037,0.647216035634744
22732,1.40491930779701,0.438029020556227
22787,1.88047173820654,0.619198312236287
22878,1.54346653885327,0.548262548262548
22897,1.42149644452835,0.487179487179487
22817,1.20349468200564,0.462962962962963
22904,1.40771058885661,0.516192733017378
22960,1.30121160890392,0.510757314974182
22894,1.39538813239241,0.561410964725882
23062,1.77015474515745,0.661026508742245
23092,1.37669245647969,0.493307839388145
23109,1.27262142381903,0.502086811352254
23200,1.64470958062442,0.439989307671746
23231,0.995234248788368,0.418482080112439
23059,1.10581204593391,0.446467589220685
23165,1.48344798753373,0.471789055854834
23126,1.41215925173835,0.481744421906694
23075,1.49241039497735,0.535211267605634
23191,1.2369287772746,0.510367577756833
23139,1.39398842491754,0.447012215252559
23117,1.33419645840294,0.496447602131439
lovecraft_1920s_a,1.2048698572628,0.572543916720885
lovecraft_1920s_b,0.994081410798406,0.456821480406386
lovecraft_1920s_c,1.14704874985729,0.514729299363057
lovecraft_early,1.06763826606876,0.493285586392122
lovecraft_innsmouth,1.25771248688353,0.55424395727937
lovecraft_late,1.17102914931588,0.485082872928177
lovecraft_mountains,0.840205148833467,0.402711323763955
lovecraft_reanimator,0.89647577092511,0.455162019593067
lovecraft_shadow,0.872095086038673,0.457881136950904
lovecraft_ward,1.00086593317033,0.432387312186978
lovecraft_whisperer,0.982095650084114,0.475103734439834
