,docid,group_label
0,1,1
1,2,1
2,3,1
3,4,3
4,5,1
5,6,1
6,7,1
7,8,1
8,9,1
9,10,1
10,11,1
11,12,1
12,13,3
13,14,1
14,15,1
15,16,1
16,17,1
17,18,1
18,19,1
19,20,1
20,21,1
21,22,1
22,23,1
23,24,1
24,25,1
25,26,1
26,27,1
27,28,1
28,29,1
29,30,1
30,31,1
31,32,1
32,33,1
33,34,1
34,35,1
35,36,1
36,37,1
37,38,1
38,39,1
39,40,0
40,41,1
41,42,1
42,43,1
43,44,1
44,45,1
45,46,1
46,47,1
47,48,1
48,49,1
49,50,1
50,51,1
51,52,1
52,53,1
53,54,1
54,55,1
55,56,4
56,57,1
57,58,1
58,59,1
59,60,1
60,61,1
61,62,1
62,63,1
63,64,1
64,65,1
65,66,1
66,67,1
67,68,1
68,69,1
69,70,1
70,71,1
71,72,1
72,73,1
73,74,1
74,75,1
75,76,1
76,77,1
77,78,1
78,79,1
79,80,1
80,81,1
81,82,1
82,83,1
83,84,1
84,85,1
85,86,1
86,87,1
87,88,1
88,89,1
89,90,5
90,91,3
91,92,1
92,93,1
93,94,1
94,95,1
95,96,1
96,97,1
97,98,3
98,99,1
99,100,1
100,101,1
101,102,1
102,103,1
103,104,1
104,105,1
105,106,1
106,107,1
107,108,0
108,109,1
109,110,0
110,111,1
111,112,1
112,113,1
113,114,1
114,115,1
115,116,1
116,117,0
117,118,1
118,119,1
119,120,1
120,121,1
121,122,1
122,123,0
123,124,1
124,125,1
125,126,0
126,127,5
127,128,1
128,129,0
129,130,5
130,131,1
131,132,1
132,133,1
133,134,0
134,135,1
135,136,1
136,137,0
137,138,0
138,139,1
139,140,0
140,141,1
141,142,1
142,143,0
143,144,1
144,145,5
145,146,1
146,147,1
147,148,0
148,149,1
149,150,1
150,151,0
151,152,0
152,153,3
153,154,1
154,155,0
155,156,1
156,157,1
157,158,1
158,159,0
159,160,1
160,161,1
161,162,1
162,163,0
163,164,1
164,165,1
165,166,1
166,167,1
167,168,0
168,169,0
169,170,5
170,171,0
171,172,1
172,173,1
173,174,1
174,175,0
175,176,1
176,177,1
177,178,0
178,179,0
179,180,0
180,181,1
181,182,1
182,183,1
183,184,0
184,185,0
185,186,0
186,187,1
187,188,1
188,189,1
189,190,1
190,191,0
191,192,1
192,193,5
193,194,1
194,195,0
195,196,1
196,197,0
197,198,1
198,199,0
199,200,0
200,201,1
201,202,0
202,203,1
203,204,0
204,205,1
205,206,1
206,207,1
207,208,0
208,209,0
209,210,1
210,211,1
211,212,1
212,213,0
213,214,0
214,215,0
215,216,1
216,217,0
217,218,1
218,219,0
219,220,1
220,221,0
221,222,1
222,223,1
223,224,1
224,225,1
225,226,1
226,227,1
227,228,1
228,229,1
229,230,1
230,231,1
231,232,1
232,233,1
233,234,0
234,235,1
235,236,0
236,237,0
237,238,1
238,239,0
239,240,1
240,241,1
241,242,1
242,243,1
243,244,1
244,245,0
245,246,0
246,247,1
247,248,1
248,249,0
249,250,1
250,251,1
251,252,5
252,253,1
253,254,1
254,255,1
255,256,1
256,257,1
257,258,0
258,259,0
259,260,1
260,261,1
261,262,1
262,263,1
263,264,0
264,265,1
265,266,1
266,267,1
267,268,1
268,269,0
269,270,0
270,271,0
271,272,0
272,273,5
273,274,0
274,275,0
275,276,0
276,277,0
277,278,1
278,279,0
279,280,0
280,281,1
281,282,0
282,283,1
283,284,0
284,285,0
285,286,1
286,287,0
287,288,0
288,289,0
289,290,0
290,291,1
291,292,1
292,293,0
293,294,1
294,295,0
295,296,0
296,297,0
297,298,0
298,299,1
299,300,1
300,301,1
301,302,0
302,303,1
303,304,1
304,305,1
305,306,0
306,307,1
307,308,1
308,309,1
309,310,1
310,311,0
311,312,0
312,313,0
313,314,0
314,315,0
315,316,1
316,317,1
317,318,1
318,319,0
319,320,0
320,321,0
321,322,1
322,323,1
323,324,0
324,325,0
325,326,0
326,327,0
327,328,0
328,329,3
329,330,1
330,331,0
331,332,1
332,333,1
333,334,0
334,335,1
335,336,0
336,337,1
337,338,0
338,339,0
339,340,1
340,341,0
341,342,1
342,343,1
343,344,1
344,345,1
345,346,1
346,347,0
347,348,1
348,349,0
349,350,1
350,351,0
351,352,0
352,353,1
353,354,1
354,355,1
355,356,1
356,357,0
357,358,0
358,359,0
359,360,0
360,361,1
361,362,1
362,363,0
363,364,1
364,365,1
365,366,0
366,367,1
367,368,0
368,369,1
369,370,1
370,371,0
371,372,1
372,373,0
373,374,1
374,375,0
375,376,1
376,377,0
377,378,5
378,379,1
379,380,0
380,381,0
381,382,1
382,383,1
383,384,0
384,385,1
385,386,0
386,387,0
387,388,0
388,389,1
389,390,1
390,391,0
391,392,0
392,393,1
393,394,1
394,395,1
395,396,1
396,397,1
397,398,1
398,399,0
399,400,1
400,401,1
401,402,0
402,403,1
403,404,0
404,405,1
405,406,1
406,407,1
407,408,1
408,409,1
409,410,1
410,411,1
411,412,0
412,413,5
413,414,1
414,415,1
415,416,5
416,417,1
417,418,0
418,419,0
419,420,1
420,421,0
421,422,1
422,423,1
423,424,0
424,425,1
425,426,0
426,427,0
427,428,0
428,429,5
429,430,0
430,431,0
431,432,6
432,433,1
433,434,0
434,435,1
435,436,0
436,437,3
437,438,1
438,439,1
439,440,1
440,441,1
441,442,1
442,443,1
443,444,1
444,445,1
445,446,1
446,447,0
447,448,0
448,449,7
449,450,1
450,451,0
451,452,1
452,453,1
453,454,1
454,455,0
455,456,0
456,457,3
457,458,1
458,459,5
459,460,1
460,461,1
461,462,0
462,463,1
463,464,1
464,465,0
465,466,1
466,467,0
467,468,1
468,469,1
469,470,0
470,471,0
471,472,0
472,473,1
473,474,0
474,475,0
475,476,0
476,477,0
477,478,0
478,479,0
479,480,0
480,481,1
481,482,0
482,483,0
483,484,0
484,485,0
485,486,0
486,487,1
487,488,0
488,489,0
489,490,0
490,491,0
491,492,0
492,493,0
493,494,0
494,495,0
495,496,0
496,497,1
497,498,0
498,499,1
499,500,0
500,501,0
501,502,1
502,503,1
503,504,1
504,505,0
505,506,0
506,507,0
507,508,0
508,509,1
509,510,0
510,511,0
511,512,0
512,513,1
513,514,1
514,515,0
515,516,0
516,517,0
517,518,0
518,519,0
519,520,0
520,521,0
521,522,0
522,523,0
523,524,0
524,525,0
525,526,0
526,527,0
527,528,0
528,529,0
529,530,0
530,531,0
531,532,0
532,533,0
533,534,0
534,535,0
535,536,0
536,537,0
537,538,0
538,539,0
539,540,0
540,541,0
541,542,0
542,543,0
543,544,0
544,545,0
545,546,0
546,547,0
547,548,0
548,549,0
549,550,0
550,551,0
551,552,0
552,553,0
553,554,0
554,555,0
555,556,0
556,557,0
557,558,0
558,559,0
559,560,0
560,561,0
561,562,0
562,563,0
563,564,0
564,565,0
565,566,1
566,567,0
567,568,0
568,569,0
569,570,0
570,571,6
571,572,0
572,573,0
573,574,0
574,575,0
575,576,0
576,577,0
577,578,0
578,579,0
579,580,0
580,581,0
581,582,0
582,583,0
583,584,0
584,585,0
585,586,0
586,587,0
587,588,0
588,589,0
589,590,0
590,591,0
591,592,0
592,593,0
593,594,0
594,595,0
595,596,0
596,597,0
597,598,0
598,599,0
599,600,0
600,601,0
601,602,0
602,603,0
603,604,0
604,605,0
605,606,0
606,607,0
607,608,0
608,609,0
609,610,0
610,611,0
611,612,0
612,613,0
613,614,0
614,615,0
615,616,0
616,617,0
617,618,0
618,619,0
619,620,0
620,621,0
621,622,0
622,623,0
623,624,0
624,625,0
625,626,0
626,627,0
627,628,0
628,629,0
629,630,0
630,631,0
631,632,0
632,633,0
633,634,0
634,635,0
635,636,0
636,637,0
637,638,0
638,639,0
639,640,0
640,641,0
641,642,0
642,643,0
643,644,0
644,645,0
645,646,0
646,647,0
647,648,1
648,649,0
649,650,0
650,651,0
651,652,0
652,653,0
653,654,0
654,655,0
655,656,0
656,657,0
657,658,0
658,659,0
659,660,0
660,661,0
661,662,0
662,663,0
663,664,0
664,665,0
665,666,0
666,667,0
667,668,0
668,669,0
669,670,1
670,671,0
671,672,0
672,673,0
673,674,0
674,675,0
675,676,0
676,677,0
677,678,0
678,679,0
679,680,0
680,681,0
681,682,0
682,683,0
683,684,0
684,685,0
685,686,0
686,687,0
687,688,0
688,689,0
689,690,0
690,691,0
691,692,0
692,693,0
693,694,0
694,695,0
695,696,0
696,697,0
697,698,0
698,699,0
699,700,1
700,701,0
701,702,0
702,703,0
703,704,0
704,705,0
705,706,0
706,707,0
707,708,0
708,709,0
709,710,0
710,711,0
711,712,0
712,713,0
713,714,0
714,715,0
715,716,0
716,717,0
717,718,0
718,719,0
719,720,0
720,721,0
721,722,0
722,723,0
723,724,0
724,725,0
725,726,0
726,727,0
727,728,0
728,729,0
729,730,0
730,731,0
731,732,0
732,733,0
733,734,0
734,735,0
735,736,0
736,737,0
737,738,0
738,739,0
739,740,0
740,741,0
741,742,0
742,743,0
743,744,0
744,745,0
745,746,0
746,747,0
747,748,0
748,749,0
749,750,0
750,751,0
751,752,0
752,753,0
753,754,0
754,755,0
755,756,0
756,757,0
757,758,0
758,759,0
759,760,0
760,761,0
761,762,0
762,763,0
763,764,0
764,765,0
765,766,0
766,767,0
767,768,0
768,769,0
769,770,0
770,771,0
771,772,0
772,773,0
773,774,0
774,775,0
775,776,0
776,777,0
777,778,0
778,779,0
779,780,0
780,781,0
781,782,0
782,783,0
783,784,0
784,785,0
785,786,0
786,787,0
787,788,0
788,789,0
789,790,0
790,791,0
791,792,0
792,793,0
793,794,0
794,795,0
795,796,0
796,797,0
797,798,0
798,799,0
799,800,0
800,801,0
801,802,0
802,803,0
803,804,0
804,805,0
805,806,0
806,807,0
807,808,0
808,809,0
809,810,0
810,811,0
811,812,0
812,813,0
813,814,0
814,815,0
815,816,0
816,817,0
817,818,0
818,819,0
819,820,0
820,821,0
821,822,0
822,823,0
823,824,0
824,825,0
825,826,0
826,827,0
827,828,0
828,829,0
829,830,0
830,831,0
831,832,0
832,833,0
833,834,0
834,835,0
835,836,0
836,837,0
837,838,0
838,839,0
839,840,0
840,841,0
841,842,0
842,843,0
843,844,0
844,845,0
845,846,0
846,847,0
847,848,0
848,849,0
849,850,0
850,851,0
851,852,0
852,853,0
853,854,0
854,855,0
855,856,0
856,857,0
857,858,0
858,859,0
859,860,0
860,861,0
861,862,0
862,863,0
863,864,0
864,865,0
865,866,2
866,867,0
867,868,0
868,869,0
869,870,0
870,871,0
871,872,0
872,873,0
873,874,0
874,875,0
875,876,0
876,877,0
877,878,0
878,879,0
879,880,0
880,881,0
881,882,0
882,883,0
883,884,0
884,885,0
885,886,0
886,887,0
887,888,0
888,889,0
889,890,0
890,891,0
891,892,0
892,893,0
893,894,0
894,895,0
895,896,0
896,897,0
897,898,0
898,899,0
899,900,0
900,901,0
901,902,0
902,903,0
903,904,0
904,905,0
905,906,0
906,907,0
907,908,0
908,909,0
909,910,0
910,911,0
911,912,0
912,913,0
913,914,0
914,915,0
915,916,0
916,917,0
917,918,0
918,919,0
919,920,0
920,921,0
921,922,0
922,923,0
923,924,0
924,925,0
925,926,0
926,927,0
927,928,0
928,929,0
929,930,0
930,931,0
931,932,0
932,933,0
933,934,0
934,935,0
935,936,0
936,937,0
937,938,0
938,939,0
939,940,0
940,941,0
941,942,0
942,943,0
943,944,0
944,945,0
945,946,0
946,947,0
947,948,0
948,949,0
949,950,0
950,951,0
951,952,0
952,953,0
953,954,0
954,955,0
955,956,0
956,957,7
957,958,0
958,959,0
959,960,0
960,961,0
961,962,0
962,963,0
963,964,0
964,965,0
965,966,0
966,967,0
967,968,0
968,969,0
969,970,0
970,971,0
971,972,0
972,973,0
973,974,0
974,975,0
975,976,0
976,977,0
977,978,0
978,979,0
979,980,0
980,981,0
981,982,0
982,983,0
983,984,0
