doc_id,oed_ratio_no_set,oed_ratio_set
nyp.33433075840177,0.602526439482961,0.335858585858586
hvd.hw3q0s,0.646256753280165,0.231643356643357
njp.32101067487007,0.596343692870201,0.247590361445783
nyp.33433081958500,0.50808975885024,0.216801101711588
nyp.33433074955331,0.691808825602707,0.294807370184255
uc2.ark+=13960=t1td9p949,0.665540540540541,0.301996672212978
hvd.hn6nee,0.518847828100398,0.238048461034709
mdp.39015078572263,0.929594038046676,0.387951807228916
mdp.39015024230610,0.666365416478385,0.292160437556974
mdp.39015039369650,0.553337096091435,0.219156689224362
dul1.ark+=13960=t3vt2js1t,0.533384107641533,0.227379278012189
uiuo.ark+=13960=t9h41nx14,0.541090410332609,0.24734768111549
dul1.ark+=13960=t6834qb4k,0.400461893764434,0.258471237194641
nyp.33433074911532,0.619457831325301,0.238382099827883
nyp.33433074911508,0.606799572801709,0.25554418287274
nyp.33433074918784,0.485113210911036,0.252615844544096
nyp.33433074955091,0.414548641542507,0.244512899499422
njp.32101074629542,0.698054105363075,0.279372496662216
nyp.33433074955109,0.415650609634219,0.236589698046181
njp.32101066479765,0.50424192665572,0.229560585885486
mdp.39015033367668,0.728663164039696,0.318534482758621
nnc1.cu58506756,0.456921783985858,0.240775880244571
uva.x000498882,0.480047987660316,0.19502353732347
nnc1.1002330709,0.459452916969257,0.291428571428571
mdp.39015021250124,0.661488600804649,0.248005801305294
njp.32101051650776,0.49837928688623,0.23921568627451
mdp.39015063950102,0.513736982573656,0.245697643632513
mdp.39015063931474,0.683765377855888,0.251883393383557
nnc1.0037104152,0.610387894006476,0.234448574969021
nyp.33433074874300,0.574454564710866,0.287018255578093
njp.32101062743727,0.526825182634591,0.236006051437216
uc2.ark+=13960=t5t728t8q,0.600190199149698,0.219743711438064
nyp.33433074874748,0.521540762902019,0.260383844170725
mdp.39015005076883,0.435866328443807,0.198737432779986
mdp.39015003931113,0.463247790618627,0.177323103154305
nyp.33433074911771,0.544485093796217,0.245743473325766
mdp.39015023189999,0.538355368298707,0.247135416666667
nyp.33433051569915,0.715002427577278,0.308485329103886
njp.32101068177102,0.647212828624414,0.302301614565441
njp.32101068177094,0.620773750138566,0.282645755199455
uiuo.ark+=13960=t0ns19n7m,0.606229720960415,0.303044280442804
uiuo.ark+=13960=t2988vx2b,0.510785671878092,0.290131878126421
nyp.33433074954979,0.504217664571618,0.231598513011152
uc1.b250120,0.568033429093758,0.236213235294118
uiuo.ark+=13960=t8w95tz11,0.603896718055424,0.27066960075448
uiuo.ark+=13960=t8nc69j1b,0.442547357926221,0.216286986122021
uc1.b248234,0.465224111282844,0.222944849115505
nyp.33433074951611,0.446248741188318,0.216993464052288
hvd.hwkdax,0.553347903834691,0.233729216152019
uiuo.ark+=13960=t1gh9v49g,0.442076954902772,0.208970976253298
uiuo.ark+=13960=t6xw4rw1j,0.446597477666842,0.221007731271661
uiuo.ark+=13960=t3xs6cp6m,0.609045962277971,0.297601566324033
uiuo.ark+=13960=t86h4xr9x,0.359558316080055,0.222606689734717
dul1.ark+=13960=t3dz14r97,0.657904525728456,0.289813486370158
nyp.33433067303937,0.499917171917967,0.22093023255814
njp.32101037977574,0.501251524292407,0.208133367011872
uiuo.ark+=13960=t18k7vt5k,0.547038821195806,0.303916941953752
uc2.ark+=13960=t82j6cs08,0.76123595505618,0.337748344370861
dul1.ark+=13960=t0tq6sw6t,0.659772793475095,0.288520801232666
nyp.33433074915970,0.523534409515718,0.206797616420216
uiuo.ark+=13960=t9f481w8n,0.430535769588108,0.209869848156182
uiuo.ark+=13960=t7br98r5d,0.66124741353828,0.276516561220692
uiuo.ark+=13960=t6251zn27,0.440346009466297,0.198476805908147
uiuo.ark+=13960=t5z615j7x,0.589862258953168,0.274636510500808
uiuo.ark+=13960=t95723s7x,0.513628966639544,0.218551461245235
uiuo.ark+=13960=t09w1328x,0.482037377747652,0.238291605301915
njp.32101013133523,0.490316986222179,0.239652870493992
njp.32101038161780,0.598816492746246,0.22286012526096
mdp.39015063759552,0.517405839090706,0.190668202764977
uc1.31158008377706,0.686202898550725,0.243564904511486
uiuo.ark+=13960=t2b85z60c,0.706579608237067,0.277076157673173
uc1.b287473,0.673780975219824,0.263019980347199
mdp.39015063556271,0.693176357520423,0.270235407932925
mdp.39015004200997,0.578353937728938,0.236471990464839
uiuo.ark+=13960=t4km00443,0.723340522405943,0.286008230452675
uiuo.ark+=13960=t3jw90j80,0.551847536617843,0.242980561555076
uiuo.ark+=13960=t6zw24n6x,0.642301710730949,0.267889248471773
uiuo.ark+=13960=t09w14g77,0.718317715305667,0.285714285714286
mdp.39015021039998,0.634553562169449,0.22892295280355
mdp.39015063967478,0.461502996772706,0.235777126099707
uiuo.ark+=13960=t1rf6b61z,0.709284967905658,0.266990291262136
uva.x000960744,0.674455356135004,0.2995756718529
mdp.39015021040004,0.584312390033487,0.221812662619254
mdp.39015021039980,0.605327995072374,0.226315789473684
uc1.b254212,0.843574879227053,0.347203728362184
ucm.5324200594,0.73198127925117,0.228382571158775
mdp.39015059372105,0.723940114733455,0.269458001541228
uiuo.ark+=13960=t00z7jj1c,0.587730870712401,0.254215304798962
uiuo.ark+=13960=t1ng5958h,0.577484631147541,0.289351851851852
hvd.hwjtfk,0.621984355701935,0.284249501566505
nyp.33433075768253,0.602957312294268,0.219421306444542
dul1.ark+=13960=t41r7h934,0.645672695827628,0.267585884552466
umn.31951002081141q,0.704071825406128,0.210889800820739
uiuo.ark+=13960=t8x92v101,0.665783430489313,0.276694045174538
uc1.b3575696,0.689734014175749,0.277317659631312
uc1.b3575698,0.724482988659106,0.390567428150332
mdp.39015051156498,0.741776821395635,0.265607264472191
nyp.33433074937610,0.688202949262684,0.283612726650701
uc1.b3290572,0.561112496882015,0.227937195452084
hvd.32044014279723,0.517460096187356,0.234401761683386
uiuo.ark+=13960=t15m6kw75,0.516244605488152,0.233678901653124
uiuo.ark+=13960=t44q88m18,0.533631991567297,0.242461387594999
hvd.32044020321865,0.596244376118262,0.205630513751946
uc2.ark+=13960=t0ms3qz4m,0.635387488328665,0.231295425395468
wu.89100297621,0.624946862065108,0.205863847992953
uc2.ark+=13960=t3hx1bd9t,0.812649050844224,0.324489795918367
uc1.b316144,0.647555142173798,0.269810869044769
mdp.39015063994266,0.650358393065511,0.260043431053203
nyp.33433074937438,0.58877331420373,0.231379873920149
nyp.33433074937446,0.55360167782528,0.250130412102243
nyp.33433081585105,0.556171492598927,0.218139171227521
njp.32101032308387,0.710139233357071,0.224971231300345
uc2.ark+=13960=t3rv0jp0n,0.708911019983076,0.277989679156383
nyp.33433074863691,0.768785001217434,0.26429710640237
uc2.ark+=13960=t8ff3s14j,0.765432098765432,0.309428950863214
uc2.ark+=13960=t1mg7hw3f,0.65787613122172,0.215990453460621
njp.32101067634046,0.549566955363091,0.239844425237684
uc2.ark+=13960=t4wh2p202,0.602410383189122,0.234529702970297
mdp.39015030996832,0.647177822177822,0.214745972738538
njp.32101067645505,0.85246972513944,0.273927392739274
hvd.hwjme4,0.712141314810479,0.227287319422151
mdp.39015002313487,0.734763285024155,0.249125728559534
nyp.33433074878889,0.66480875283848,0.244931871053506
mdp.39015000551799,0.719908963947654,0.228741359909982
umn.31951002096159c,0.637844240450104,0.257894736842105
uc1.31822038205001,0.629064680146624,0.259699129057799
nyp.33433074868807,0.809054212865975,0.286849525762625
uc1.b3326097,0.633790650406504,0.214274797493505
nyp.33433074919402,0.579218753385185,0.220194465220643
dul1.ark+=13960=t9n30pf1s,0.63812883836404,0.230294616689804
mdp.39015004880715,0.77236470529949,0.211450960566229
PoeRueMorgue1841,0.535809018567639,0.285067873303167
nnc1.1002365251,0.56216760902424,0.228596262494568
PoeMysteryMarieRoget1842,0.510992275698158,0.260990539788536
njp.32101068601341,0.529070246232397,0.215109061890406
njp.32101007059791,0.937864401132767,0.336661466458658
uc1.b248744,0.793465008534504,0.256370138578453
njp.32101075374379,0.602757990526983,0.195860730839711
uc2.ark+=13960=t7hq42c97,0.68363246718457,0.209963628347845
PoePurloinedLetter1845,0.414646996838778,0.290890269151139
uc2.ark+=13960=t0bv79z1x,0.551586199233291,0.226773226773227
mdp.39015006997806,0.665775563521478,0.263678516228748
uc1.32106010644463,0.566329413909398,0.189954240715122
mdp.39015004274992,0.667130789937808,0.237035739313245
mdp.39076006220961,0.725065526279487,0.237887067395264
nyp.33433074931118,0.751861804222649,0.251720391162622
uiuo.ark+=13960=t3vt1zh5r,0.76558396682792,0.286827747466875
nyp.33433082170576,0.721431698774081,0.286897590361446
uc2.ark+=13960=t9f47kt3k,0.873102374464772,0.307335190343547
mdp.39076006220979,0.795854496947309,0.251037754496936
nyp.33433082514187,0.637426542605289,0.235124760076775
nyp.33433074863782,0.727390599675851,0.271932381229962
uiuo.ark+=13960=t8pc3d497,0.707930498275979,0.262806236080178
inu.30000060903741,0.66503047916076,0.230407124681934
uiuo.ark+=13960=t2j683k08,0.566241237635814,0.182586796186364
uva.x000180089,0.679060573257401,0.234087022610678
uc2.ark+=13960=t8df6mw4h,0.795537474311119,0.260733988966179
nyp.33433022846707,0.504274128735296,0.217919777739191
uiuo.ark+=13960=t2s475w45,0.66927868193691,0.25164171263462
uc2.ark+=13960=t2r49vz0v,0.649873101253835,0.231114808652246
uc2.ark+=13960=t6154fk9b,0.637436830402264,0.218443070207348
mdp.49015001286492,0.68886394543139,0.19263220439691
uc1.b3324210,0.787346803577344,0.267721656189031
nyp.33433074954748,0.787382649021604,0.206002892960463
nyp.33433074920608,0.753117479763728,0.274193548387097
uc2.ark+=13960=t9862rx2r,0.943978530694398,0.373586612392583
uiuo.ark+=13960=t7pn9mm7s,0.743205574912892,0.337055417700579
uc2.ark+=13960=t2h70nx9q,0.879239162488941,0.351373513735137
RecollectionsAD,0.56368345323741,0.234093376764387
nyp.33433074870266,0.593081417342693,0.234134876152594
uiuo.ark+=13960=t9c53x809,0.764203663458553,0.259455170589791
uc1.b3324220,0.698813139835752,0.220612813370474
mdp.39015038723360,0.734726930320151,0.214597831364298
uc1.b3324403,0.690528634361233,0.235005658242173
njp.32101067187755,0.799001524221874,0.250765045902754
dul1.ark+=13960=t4jm31m6k,0.771324218623743,0.262223768922916
uc1.b4101364,0.763314798686943,0.312849162011173
uc2.ark+=13960=t3bz6dj56,0.745677459918265,0.22164667393675
NottingHM,0.66989160619905,0.289099526066351
uc2.ark+=13960=t5n87gd14,0.763498875093742,0.222563828365192
dul1.ark+=13960=t1qf9gh9b,0.691440978173923,0.231929425156517
uc1.b250128,0.734007008393774,0.265734265734266
uc1.b250127,0.738953904943874,0.264341957255343
uc1.b250129,0.741769953422278,0.261719796410394
nyp.33433074929393,0.702277001612037,0.246898002103049
uva.x000380956,0.555053319875368,0.224764468371467
uva.x000237148,0.772579865160868,0.204050016598429
wu.89099780959,0.771322571733039,0.227132435465769
nyp.33433076060874,0.83447482476323,0.269461077844311
uc1.32106006960592,0.600612423447069,0.219899341850561
nyp.33433074945779,0.766824658722208,0.215375499925937
uc2.ark+=13960=t9571nb3d,1.09483142984532,0.322220117446486
dostoevskypunishment,0.759110200497585,0.319860930030422
uiuo.ark+=13960=t42r4bj1d,0.820179922306277,0.322467986030268
mdp.39015030307881,0.617854690289795,0.224627395315827
njp.32101067630820,0.896251238765677,0.233037897310513
uc2.ark+=13960=t1sf2p11n,0.750965428466348,0.241210753901109
nyp.33433075833354,0.635910746431113,0.231009830205541
njp.32101068580768,0.78444666001994,0.369365002423655
uiuo.ark+=13960=t58d0ds3h,0.818181818181818,0.292639138240575
inu.30000007708815,0.696822119484717,0.236519152101153
uiuo.ark+=13960=t48p6974b,0.632595855440985,0.254513888888889
EllisSteamManPrairies1868,0.690062746242522,0.318118304611085
uiuo.ark+=13960=t3223k32d,0.810846686261496,0.305984555984556
mdp.39015004307362,0.678051800639769,0.293291183702143
nyp.33433074880075,0.774379052979322,0.249837627192033
spielhagenskeleton,0.765521549031855,0.324772162386081
uc1.b3386909,0.693978162901128,0.231776077325816
njp.32101067344661,0.826725621698617,0.237265188695211
uc2.ark+=13960=t6251m863,0.804436493738819,0.305742701315367
mdp.39015018606049,0.75271875,0.239640539191213
uva.x030223689,0.5069594803588,0.222359940505702
inu.30000007695723,0.662465091705034,0.214221259700415
njp.32101067707909,0.703499849044334,0.22865692659743
njp.32101031806142,0.645660083160083,0.306115107913669
uc2.ark+=13960=t9t14vb5t,0.653933606184629,0.315808170515098
uc2.ark+=13960=t44q7rc7f,0.817416518567019,0.401328273244782
nyp.33433075818801,0.614136474772172,0.235912129894938
uc2.ark+=13960=t53f4sg3b,0.694894257145385,0.334935304990758
nyp.33433082168877,0.680117887100431,0.337382661512976
njp.32101031806159,0.663240257747775,0.283061159141851
uiuo.ark+=13960=t1qf99m3q,0.697613985353177,0.283932283932284
uc1.b4101416,0.663372956909361,0.280541561712846
uc2.ark+=13960=t9474d81g,0.687541449549976,0.234038424218902
uc1.$b813705,0.596858380933622,0.242017879948914
uiuo.ark+=13960=t0ft97228,0.834124140602305,0.313754104341481
nyp.33433075818611,0.673031496062992,0.263486655309483
vergacastleoftrezza,0.800957592339261,0.430544896392939
mdp.39015010330341,0.39355581127733,0.267916207276736
njp.32101067641678,0.971319643011871,0.342779105496757
mdp.39015026244999,0.690450984543722,0.281520395550062
mdp.39015035566440,0.723263059927973,0.245472837022133
uc2.ark+=13960=t5db7zr5v,0.820845624385447,0.343342981186686
uc2.ark+=13960=t5bc3wr6q,0.629710320342129,0.287423103212577
uiuo.ark+=13960=t2697pf21,0.877265404752316,0.313833028641073
uva.x030743237,1.05249244712991,0.490449148167269
uc1.b3578701,0.579226955377922,0.223151125401929
dul1.ark+=13960=t3dz0xh78,0.558690848830786,0.226229508196721
verajelihovskygeneralswill,0.792057117358322,0.411934552454283
mdp.39015078569723,0.605298457411133,0.255006675567423
nyp.33433074818778,0.526960858854658,0.220806794055202
uva.x030832557,0.648837362492589,0.259533163854865
uc1.$b813836,0.612216988299651,0.257352941176471
mdp.39015062658789,0.879466412577418,0.352329611089719
mdp.39015063559390,1.25187333816775,0.488203266787659
uc1.b318291,0.629487291466504,0.262659380692168
uiuo.ark+=13960=t9474zg09,0.599774351259872,0.232211803640375
coo.31924013476498,1.00330064126745,0.353259034110098
mdp.39015000541717,0.720125786163522,0.296671490593343
uc2.ark+=13960=t5n874v29,0.728021302744777,0.248023304203079
uc2.ark+=13960=t1dj5cf2j,0.812935893761345,0.310673443456163
njp.32101063580268,0.748998822143699,0.294811968158111
uiuo.ark+=13960=t7cr65585,0.703001876172608,0.279718137254902
uc1.b117774,0.596613705665222,0.26913803496082
mdp.39015059642994,0.775675179129157,0.328718177757928
uc2.ark+=13960=t4bn9zk9h,0.64407796101949,0.193974473137429
inu.30000042783591,0.729096530401924,0.265760487461917
njp.32101013621246,0.828041914294651,0.296569322370286
uc1.b4107807,0.760752442699297,0.252933507170795
uc2.ark+=13960=t0js9hc64,0.811271460562329,0.272582841579664
uc2.ark+=13960=t0cv4hf87,0.749374687343672,0.313740458015267
dul1.ark+=13960=t3zs3df24,0.766664834862889,0.271836950767602
uc1.b4104961,0.913690476190476,0.327658207516865
nyp.33433074939723,0.780039495670667,0.302129097668131
uc2.ark+=13960=t1gh9jr4d,0.735702020869106,0.298157453936348
nnc1.0040976017,0.78448275862069,0.302240623477837
nnc1.0022035958,0.597376130429245,0.246993746993747
uva.x000674483,0.713161323951003,0.24056504322159
uva.x001307832,0.761127300307373,0.248101831174632
nyp.33433074866686,0.846194865544298,0.313371616078753
uc2.ark+=13960=t2h70dt42,0.666594336552023,0.29312132734186
dul1.ark+=13960=t66401k8k,0.527358592986646,0.223880597014925
nyp.33433075761720,0.754287954523179,0.305521472392638
uc2.ark+=13960=t4cn73z09,0.716840199185152,0.299353912419239
nyp.33433074864889,0.696800179010964,0.235335358728675
nnc1.0111708131,0.788831924622419,0.278260869565217
nnc1.0040976025,0.641499699028291,0.269552012148823
mdp.39015007007282,0.551982618142314,0.281278538812785
mdp.39015066036578,0.8810147299509,0.268279472829031
uc1.b3325448,0.732425068119891,0.291524459613197
mdp.39015066083661,0.89120177629753,0.34211545912437
nyp.33433075737753,0.704095004095004,0.28112693123296
mdp.39015012876820,0.890658747300216,0.336147352264006
nyp.33433039680552,0.698384283484807,0.24622030237581
coo.31924014157121,0.771773281387458,0.307230723072307
nyp.33433076056781,0.670570546806995,0.262909691110587
uc1.b3578934,0.653445133065986,0.254502369668246
uc1.$b382267,0.714830318433249,0.267830791933104
nyp.33433079897819,0.870187462205201,0.407949790794979
uc1.b4105364,0.629244044269368,0.27136690647482
njp.32101068138443,0.557255352309081,0.240542763157895
mdp.39015049217741,0.807895583436739,0.269471799462847
nyp.33433075843544,0.658211993111007,0.263341378385626
njp.32101013566920,0.650746086105675,0.250704225352113
nyp.33433075827018,0.543619424054207,0.226517832834195
nyp.33433075727168,0.630537337475549,0.284978800726832
uc2.ark+=13960=t45q4sn3p,0.767480916030534,0.33076593923834
uva.x000885514,0.63766749713824,0.238459855611464
uc1.b4105459,0.821257258268114,0.304332874828061
uc2.ark+=13960=t48p64044,0.905055487053021,0.312397596941562
nyp.33433075765705,0.773487202248853,0.27982133473463
nyp.33433082173273,0.855732555530626,0.365153886280647
uc2.ark+=13960=t9668pw05,0.832799487508008,0.404255319148936
mdp.39015063949229,0.724313496369251,0.245140167792101
inu.30000007703436,0.765295615889015,0.275650466372116
uc1.b4104774,0.675907284084456,0.208448250834664
uc2.ark+=13960=t17m0b23x,0.834101787204145,0.271942800788955
dul1.ark+=13960=t98637h6g,0.702970297029703,0.294471605866867
mdp.39015011950766,0.620175230878522,0.29895271342431
nyp.33433074897426,0.700007129108149,0.252198056455345
palmarinishadows,0.740810556079171,0.381282495667244
uva.x000459624,0.782832042882668,0.266449837378034
StokerDracula1897,1.02246103873665,0.268021097870678
nyp.33433074915269,0.807123761597735,0.284758138119866
uc1.b3578887,0.666390842642394,0.216595931508854
uc1.b249346,0.795239968528718,0.386852821407795
wu.89069113231,0.702494449523312,0.300353356890459
njp.32101076806486,1.02666666666667,0.435370152761457
uc1.b249543,0.846571223115644,0.315337763012182
JamesTurnOfScrew1898,0.74837698679203,0.271699489423778
uc1.b244810,0.740072469126673,0.248816412414519
nyp.33433074866413,1.00586377988272,0.304706853839802
uva.x000676502,0.717632552404439,0.289869864761419
uc1.b4104310,0.787284894837476,0.270975918884664
nyp.33433074876388,0.92158400313664,0.310576043889058
dul1.ark+=13960=t80k32x0x,0.628303198887344,0.241325966850829
nnc1.cu01664417,0.791227714748784,0.301034807149577
mdp.39076002720709,0.827280405405405,0.380815347721823
nyp.33433076024060,0.665145067698259,0.27116212338594
njp.32101021206436,0.724958210106725,0.254830031792614
11274,0.920001912685889,0.263196751568845
nyp.33433074954656,0.822419928825623,0.355035128805621
uc2.ark+=13960=t45q4tp5h,0.755102040816326,0.255989639542413
njp.32101063580995,0.596712905736392,0.237250959605191
inu.39000002156706,1.05887593733759,0.401299169974738
mdp.39015030365178,0.606915377616015,0.417218543046358
nyp.33433074850870,0.871344733380553,0.279681467181467
nyp.33433075763080,0.551333234757751,0.242566143760243
uc1.32106001959946,0.738397129186603,0.264679911699779
mdp.39015039487205,0.897040878584503,0.475871313672922
uc1.b4103074,0.758756254467477,0.258204549400938
uc2.ark+=13960=t7tm74c51,0.615399534522886,0.273953357684743
nyp.33433074850961,0.643895798527319,0.22374541003672
nyp.33433074857248,0.794455616202241,0.281283138918346
mdp.39076002621501,0.866216883330591,0.37221269296741
nyp.33433081593646,0.738131699846861,0.442622950819672
uc1.32106001980371,1.30044052863436,0.771386430678466
dul1.ark+=13960=t1qf9cr59,0.676171079429735,0.331435079726651
uc1.b3578940,0.752695372664568,0.289451236849588
nyp.33433074941562,0.691004022939314,0.277947464874771
nyp.33433068179716,0.778887866438806,0.319937573156457
uc1.b3324205,0.782229965156794,0.264083015671326
wu.89004395398,0.667259094695918,0.302148302148302
RedThumbMark,0.574044349325248,0.233449477351916
nyp.33433082332010,0.80018153526971,0.447647058823529
mdp.39015063941135,0.622289423218764,0.214765100671141
nyp.33433074870282,0.840977919718077,0.265108072342303
nyp.33433075766463,0.714827269948028,0.256528772821817
njp.32101066455278,0.783233205898416,0.289724310776942
uc2.ark+=13960=t10p0xs0f,0.628640358435292,0.270802266626901
uc2.ark+=13960=t3707xt9q,0.788934564323742,0.285455095252495
coo.31924013525971,0.727826542643784,0.251659145208389
uc2.ark+=13960=t9s17v81t,0.78678961234475,0.30601256356566
uc2.ark+=13960=t4qj79t1j,0.609592603293846,0.267258665138929
uc2.ark+=13960=t0pr7n71q,0.666704683698297,0.228630771688768
nyp.33433075746895,0.654521710741104,0.254014989293362
mdp.39015011950758,0.585105824273935,0.264313193030097
uc2.ark+=13960=t7hq41f5s,0.743141550771576,0.243547044129892
uc2.ark+=13960=t83j39v3z,0.791408835803713,0.301578510108003
uc2.ark+=13960=t40r9p16h,0.748957948609719,0.273291925465839
nyp.33433076060080,0.804772569310371,0.269052885582144
inu.30000011752437,0.68912982521731,0.214444857036762
mdp.39015006963881,0.752524919136577,0.296987557301899
nyp.33433074848668,0.732375044733389,0.260144927536232
njp.32101068574530,0.692124722064223,0.260416666666667
uva.x001752097,0.649943123989702,0.275447154471545
nyp.33433075968796,0.696229997287768,0.342494714587738
uc1.$b807274,0.860182859439365,0.254517843583903
nyp.33433076073786,0.645182249366513,0.252873563218391
uc2.ark+=13960=t5j961w9x,0.706142671605176,0.232131289138415
uc2.ark+=13960=t3pv6dr2h,0.8139320516197,0.322662786467806
uc2.ark+=13960=t3xs5jt7k,0.989289617486339,0.40843621399177
uc1.32106001930137,0.798618664346313,0.260773480662983
uc2.ark+=13960=t5v69m62h,0.7518406236466,0.337867647058824
uc1.b3578339,1.02124336144955,0.364298093587522
mdp.39076002194574,0.756572323526121,0.346844535659312
uc2.ark+=13960=t2794143s,0.676109350237718,0.272630173564753
uc2.ark+=13960=t6zw19x28,0.651148656861553,0.264811242766602
mdp.39015074379739,0.642556481401941,0.281015037593985
uc2.ark+=13960=t0xp6w75n,0.70237615787354,0.430086788813886
coo.31924051019580,0.745282309600782,0.277117973079968
mdp.39015001553547,0.928589976629447,0.418272218769422
ien.35556027278860,0.831268723180309,0.291771269177127
uc1.b4095602,0.720362128262189,0.264990328820116
uc1.b3123600,0.717041543264228,0.283685968819599
mdp.39015085433426,0.874921036007581,0.365163572060124
nyp.33433076053762,0.849556313993174,0.404128191200435
mdp.39015031332862,0.72539969228711,0.269962917181706
mdp.39015048759016,0.752780920060332,0.254278192189557
mdp.39076002657265,0.781288782816229,0.326976559396106
uc2.ark+=13960=t3222sk2s,0.760846372688478,0.247089262613195
inu.30000118528748,0.728890326755095,0.343020485945688
mdp.39015083943665,0.753799731783639,0.37272323411817
uc2.ark+=13960=t8z89353s,0.739537074417979,0.272677143644886
uva.x000429691,0.738237991112365,0.28972230174635
uc2.ark+=13960=t5x63bm4w,0.835458937198068,0.323446768654386
uva.x000315604,0.768361734253667,0.239751552795031
uc2.ark+=13960=t1bk18j97,0.707875457875458,0.408498971898561
nyp.33433076047871,0.701247108518556,0.245562794877556
nyp.33433074879481,0.728234622645651,0.241311003061408
mdp.39015000613680,0.655927670953776,0.244502246393947
inu.39000005852087,0.794857462269424,0.343635624237495
uc2.ark+=13960=t1zc7v45r,0.626691300331468,0.225273670059535
nyp.33433075749287,0.747463668768851,0.283998799159412
nyp.33433074841895,0.782742365238778,0.227941176470588
nyp.33433074949615,0.809908536585366,0.256395786305493
nyp.33433075741243,0.864323548885456,0.277078707130521
mdp.39076002286230,0.820989379541643,0.334751773049645
umn.319510024638086,0.678281461434371,0.317092034029389
nyp.33433076076144,0.857563850687623,0.284340659340659
uc2.ark+=13960=t53f4nk4h,0.841209969676799,0.29465776293823
nyp.33433076081649,0.911006289308176,0.35737308622079
uc1.b3728033,0.753529937444147,0.369156367544331
nyp.33433074968045,0.72849713295106,0.271122994652406
uc2.ark+=13960=t3125st2r,0.835314880178339,0.282484407484408
uva.x001705067,0.860677864427115,0.265561843168957
mdp.39076002607435,0.883755042170884,0.325815738963532
mdp.39015010776881,0.874893253629377,0.328808864265928
nyp.33433082530043,0.659938208032956,0.354533734422003
nyp.33433068179559,0.807690454392136,0.258871436881908
uc2.ark+=13960=t2h70dm6b,1.1542873129109,0.462025316455696
uc2.ark+=13960=t7pn9035n,1.0842523955885,0.392422662495655
nyp.33433074807342,0.777318016006969,0.319444444444444
nyp.33433082485636,0.814373420007223,0.395804195804196
nyp.33433076054620,0.692392624489345,0.254017750059966
uc2.ark+=13960=t1pg1k81k,0.900496660387053,0.353049060064191
uc2.ark+=13960=t7np1xq4d,0.783736836391271,0.33352534562212
nyp.33433082251855,0.799719642544244,0.266213262084042
mdp.39015013429249,0.750192752505783,0.246210569438755
mdp.39076002660483,0.758691649518033,0.355813953488372
nyp.33433082524822,0.921985815602837,0.547722342733189
nyp.33433074926712,0.705947955390335,0.264973199720345
LindsayVoyageToArcturus1920,0.841419073343029,0.252141699467469
4485,0.985586624387431,0.329355608591885
4463,0.936976170912079,0.301835690640987
nyp.33433082514302,0.754306510311363,0.28070611636002
4459,0.840781124318527,0.258015843078084
4458,0.805333142693737,0.286993285252425
4497,0.925149468126407,0.262695816835944
mdp.39015063960556,0.773086536512869,0.289490445859873
nyp.33433075746812,0.696189290161893,0.232969746861494
nyp.33433074970710,0.679574732267577,0.267862864466517
mdp.39015031235545,1.1424544258598,0.522277227722772
4449,0.674788935410804,0.240559440559441
nyp.33433076047608,0.717950052029136,0.248249522597072
4625,0.619099690176781,0.319367588932806
4529,1.11476817401259,0.550221565731167
mdp.39076002194368,0.852475496355868,0.343065693430657
4528,0.664331070724765,0.341463414634146
4599,0.882067851373183,0.4875
nyp.33433075732655,0.788595191979036,0.259867135599844
mdp.39015002753815,0.723402574836111,0.267424242424242
4605,1.00092980009298,0.343974960876369
4514,0.802582496413199,0.383923215356929
4611,0.951990525644529,0.326997422680412
uc1.32106002123104,0.772017923362176,0.242647058823529
dul1.ark+=13960=t16m3xm4f,0.676707907477138,0.275515463917526
4705,0.809865635928585,0.321652526742899
njp.32101067301786,0.740042928690675,0.382749326145553
4708,0.686967883334738,0.234721681588167
uc2.ark+=13960=t93776z9n,0.702968270214944,0.253784505788068
mdp.39015063096088,0.8816,0.386067415730337
uc1.31822033251729,0.816247906197655,0.335380255077941
nyp.33433074968417,0.647180762852405,0.32103134479272
nyp.33433076073893,0.900861728199858,0.276897689768977
4730,0.876502969723309,0.341478129713424
4720,0.698018918436552,0.294957801341701
4655,0.76826043847086,0.261082474226804
mdp.39015062473205,0.806416131989001,0.321010248901903
4698,0.710301342307841,0.269603880355699
4690,1.11259008677747,0.3904
nyp.33433076072051,0.722994410031727,0.25351379489849
mdp.39015085351131,0.675159903533606,0.336807002917882
4748,0.658864541832669,0.298554913294798
uc2.ark+=13960=t9c53g45j,0.725458898643256,0.282762524766487
uc2.ark+=13960=t70v8bj6k,0.742137905873769,0.27183787561146
uc2.ark+=13960=t23b5ww6x,0.829741192763784,0.295473713803767
11113,0.708909370199693,0.261609907120743
11114,0.80327868852459,0.284453981878875
11109,0.734287174246295,0.28716020821284
10008,0.70582555519794,0.282926829268293
11018,0.641231246766684,0.237106918238994
10216,0.770469353031498,0.24845908607864
11123,0.587079731027858,0.231758704812597
11121,0.831608054452638,0.299292214357937
10235,0.858265812069174,0.336437246963563
11022,0.664321747581802,0.241894197952218
11156,0.780039234919078,0.277912294861447
11148,0.808071675160283,0.293259883344135
11141,0.697674418604651,0.264293721973094
11166,0.708419216743301,0.308068459657702
11169,0.793647205109365,0.283414774360448
10265,0.601250854049509,0.218695652173913
10250,0.808370947886746,0.408521303258145
11203,0.817770597738288,0.275824175824176
11191,0.918459302325581,0.295636861670906
11030,0.790230276604442,0.286017511276201
10270,0.893395186478045,0.277998017839445
10272,0.74255390352345,0.251539338654504
10269,0.961424332344214,0.598540145985402
LovecraftCharlesDexter1927,0.598438855160451,0.23050259965338
10286,0.638778889768882,0.236814891416753
11226,0.765094221367986,0.24191866527633
10053,0.693436227951153,0.259897828863346
10292,0.734100271274992,0.255532740132329
11234,0.794219121367783,0.280282122048451
11242,0.74205387438543,0.262141280353201
10298,0.825550660792952,0.282859818919763
10302,0.706790358147669,0.27740763173834
10312,0.75482947770093,0.237520938023451
10310,0.620648967551622,0.279035577771244
11100,0.918287607236898,0.379966887417219
11255,0.744364889949615,0.272447724477245
11252,0.560853658536585,0.226833428084139
10301,0.754830917874396,0.278481012658228
10065,0.874936191934661,0.382760389943561
11277,0.867011098354382,0.394132653061224
11285,0.634529029531407,0.23583460949464
11298,0.712401055408971,0.257683215130024
11302,0.769143199520671,0.255001205109665
11311,0.799192916942721,0.274426054458089
10086,0.802457002457002,0.374303898170247
10083,0.657356114059129,0.26058453974324
10336,0.653321349783479,0.279503105590062
11305,0.471401846229337,0.192151316952448
11300,0.811337615191287,0.259733188129594
10330,0.912058428976002,0.320179993077189
10337,0.708990340955998,0.276759314015376
11349,0.80863350485992,0.252145031829505
10362,0.752027434079429,0.233711643547709
10361,0.639614208421548,0.266684114106255
10365,1.06131814225809,0.348245010323469
10359,0.630647547513372,0.231127679403541
10353,0.887063371531133,0.325721961047683
10357,0.842234374201462,0.284883720930233
10355,0.699541441379782,0.264
10096,0.842199397005468,0.285125968992248
11323,0.729720744680851,0.292643229166667
10090,0.688145934503798,0.268151016456922
11339,0.650875162736873,0.270648756787654
11316,0.638922749822821,0.219585561497326
11384,0.745082349803294,0.267166042446941
11385,0.571668470351159,0.209318497913769
11383,0.912962733688251,0.325072417122626
11364,1.7692036645525,0.740450538687561
11358,0.466695621273739,0.201056398023513
11043,0.715694219340897,0.254812319538017
11044,0.821854614913324,0.269927889300331
10377,0.809651212111325,0.265973534971645
10380,0.992577550591695,0.283768182867698
11416,0.717944561517264,0.254635618801207
11046,0.665376752336449,0.24059380598925
10108,0.601308930405997,0.204299196085285
11404,0.798284145504461,0.284390385172314
10403,0.746404578253297,0.248504188272836
11396,0.664669260700389,0.255564082885649
10435,0.873786975330293,0.282872642727977
11442,0.622151505175756,0.218016890835158
10460,0.82864153772749,0.30595084087969
DinesenGothicTales1934,0.919059478464694,0.331870061457419
11472,0.829052144875417,0.309333333333333
11469,0.713810725940521,0.270359070640695
11468,0.655225661542781,0.271882013465854
11462,0.735583420934074,0.24508547008547
10476,0.661522814154947,0.224079754601227
10117,0.649329407916258,0.357193479801559
11499,0.628332628015235,0.216325612772656
10490,0.925463697166104,0.359941413401684
10494,0.933313262080385,0.332298136645963
10514,0.933618954214629,0.302538602460089
11552,0.630514285714286,0.248074454428755
11545,0.769356453908185,0.28187134502924
10531,1.04595481753234,0.573516766981943
10526,0.665761869709238,0.249136442141623
11519,0.703904745228506,0.240183792815372
11535,0.65454711135411,0.235822472701656
10561,0.957110241356817,0.331715771230503
11591,0.674769112365316,0.243040685224839
11575,0.958117066652963,0.302072430395646
11061,0.834822536609581,0.290097629009763
11564,0.762257268533419,0.275136848170556
11584,0.857434154630416,0.279750609921388
10543,0.800109662483246,0.273669064748201
10542,0.785167304811054,0.297536323436513
11606,0.59262033153585,0.227418163918287
11593,0.73261957730812,0.245911388641094
11592,0.927031509121061,0.37960855712335
10588,0.863980409617097,0.311649518752074
10889,0.926616541353383,0.366883116883117
11101,0.9383118920615,0.373387644263408
10622,0.695649250218546,0.303281027104137
10621,0.768899020393075,0.289517470881864
11664,0.754625854607038,0.320226591136288
10151,0.835135535476226,0.320152713389692
11675,0.715178714537586,0.284455632473254
10645,0.719481583935249,0.274289806636429
11681,0.773473370064279,0.260743474822041
11074,0.604257320945549,0.24672187715666
11073,0.89521494370522,0.343458646616541
10679,0.781435271214937,0.299405155320555
10690,0.824994643239769,0.273607038123167
10661,0.801280980228349,0.290748898678414
10665,0.716624985113731,0.297288573273079
10688,0.843456254519161,0.325754884547069
11709,0.714561855670103,0.295093296475467
11703,0.758184523809524,0.273551311103917
11711,0.424264221063358,0.201635573728597
11730,0.655038405267008,0.238427947598253
11736,0.909931362935985,0.325776072549704
11724,0.958184444613396,0.345370978332239
10700,1.03160345974717,0.488954344624448
10723,0.772224132004125,0.274231067459292
10736,0.742242625180651,0.287089871611983
10733,0.837403553479153,0.378971255673222
10746,0.780474481036367,0.302643856920684
11081,0.647622724055845,0.230195303928023
10761,1.10160119247968,0.409499820079165
11778,0.78636127969746,0.230244755244755
10778,0.736245132893178,0.307952622673435
10774,0.758564731337901,0.317749904979095
11782,0.7734375,0.368908382066277
10793,0.870069365358733,0.333333333333333
10765,0.798679349107774,0.319804058782365
11809,0.671095465213112,0.225849882194547
11803,0.6738100252738,0.244696807370902
10829,0.748126463700234,0.232081124683107
10827,0.63663951445456,0.273422562141491
10828,0.71510350795447,0.282989849277145
10181,1.36912751677852,0.686967113276492
10835,0.905433978221799,0.32447973713034
10834,0.624292007551919,0.290514525726286
10832,0.671499716320999,0.260226972816046
10803,0.748831573481046,0.266044606281293
10808,0.779151943462898,0.304265041888804
PeakeTitusGroan1946,0.861106664532309,0.240769230769231
10814,0.726430357405501,0.289180990899899
10853,0.770883990901247,0.293615676359039
11829,0.796197471010691,0.202675668917229
10838,0.717514914243102,0.246584398413398
11836,0.881632057579147,0.272704016372474
10862,0.72078192153057,0.220365212008666
10877,0.735539277595352,0.284273558146864
10874,0.71796110111077,0.226468910439247
10911,0.795961295750947,0.256756756756757
10916,0.625005475971437,0.224892314667876
10922,0.692526075418132,0.220114285714286
10923,0.773705696789757,0.270989595935156
10883,0.961138478379858,0.42914371557336
Derleth1948,0.897005113221329,0.533751962323391
10917,0.673524946337888,0.238839285714286
11860,0.811699739061836,0.28627553693033
11877,0.758700696055684,0.277234636871508
11882,0.84755007993981,0.333479404031551
11096,0.663223493255933,0.229894394800975
10954,0.748331998932479,0.299539170506912
10951,0.822836941468037,0.249008592200925
10968,0.781011831313058,0.272529069767442
10962,0.813272513243084,0.304376657824934
11900,0.76677839270403,0.260895345389861
11896,0.913053935421803,0.298404095152063
10993,0.795475372279496,0.277752081406105
11928,0.748241539482415,0.271794871794872
11921,0.751722978651874,0.294952681388013
11927,0.633947592671495,0.24281805745554
11932,0.944403489372159,0.290153846153846
11004,0.801686217008798,0.307579641157085
11007,0.734806030586789,0.243295019157088
11098,0.795700268733204,0.279113753039719
11099,1.02755503717743,0.507292327203551
11907,0.617732366512854,0.21807683766378
11903,0.723767306290989,0.271943995691976
10202,0.766762404674656,0.253998280309544
10970,0.696568884232582,0.25031605562579
10986,0.981553872465184,0.327696146382035
10983,0.825220754579289,0.311917443408788
11013,0.642763049563642,0.278108465608466
20041,0.658379466532461,0.21103552532124
20032,0.930930266843579,0.349867474441499
20008,0.979005614777443,0.335828513099694
20002,0.649583938713512,0.241387795275591
20026,0.673959016991176,0.26251859196827
20021,0.796949785024742,0.294658753709199
23468,0.796822023176965,0.27106466361855
20044,0.641334730957372,0.232055283102987
20049,0.933020704300124,0.368200836820084
20065,0.762706969580285,0.316322555512271
20078,0.921259842519685,0.362240982348427
20079,0.715699764747659,0.25656275635767
20075,0.837880240564804,0.384421052631579
20070,0.845861343111292,0.313538545355489
20106,0.744208925856363,0.310504201680672
20114,0.945625841184388,0.29718875502008
20083,0.646845629338411,0.235137102644989
20089,0.876056879323597,0.353145336225597
20088,1.03121491129576,0.385118560915781
23474,0.863732543377063,0.275570776255708
20102,0.833737618758844,0.370090634441088
20136,0.853109637847833,0.267260138476756
20139,0.654209020634244,0.266413456321215
20162,0.864924114671164,0.321533923303835
20163,0.88177426438296,0.38881247134342
20133,0.729999110082762,0.325811559778306
20152,0.853133030243131,0.326633165829146
20151,1.02001605060662,0.340114762649974
20176,0.814249585767856,0.326690113325518
20194,0.727821836960531,0.234625024098708
20205,0.743201888607152,0.332028191072827
20240,0.896871040062384,0.325892857142857
20222,0.726185731367079,0.305363321799308
20233,0.751142931079099,0.29321181646763
20218,0.748394495412844,0.298931195724783
20219,0.913091613617492,0.356126482213439
23487,0.694087403598972,0.258915627718179
20290,0.756767876244549,0.289046353705344
20293,0.851970644196793,0.295519001701645
20270,0.632939714108142,0.261568436434486
20350,0.805243538153899,0.243270189431705
20352,0.811754068716094,0.280589680589681
20335,0.81237955400569,0.285030576974209
20380,0.737405949474314,0.228307783896413
20371,0.669098561908102,0.305454545454545
20370,0.785256579992586,0.250845165652468
20374,0.718847514042022,0.268699504821475
21104,0.763593180083128,0.359663191659984
BlochPsycho1959,0.953648462597522,0.343804537521815
JacksonHillHouse1959,0.857961552412042,0.312294543063774
20390,0.716036368427988,0.280259365994236
20393,0.765849227974569,0.343973120537589
20427,0.677250382786687,0.269824374667376
20428,0.892435538987263,0.281733746130031
20414,0.82540692127555,0.251608885198256
20417,0.816153457849571,0.338132295719844
20433,0.787115711416654,0.294598540145985
20471,0.864527177015285,0.266602870813397
20474,0.80556862007337,0.337867485739359
20450,0.64330737856878,0.245521927115503
20496,0.728966986155485,0.299452429842574
20481,0.762385008517888,0.301040312093628
20480,1.04897836538462,0.361976707585773
20485,0.659777424483307,0.267744587558235
20505,0.861919373611258,0.343137254901961
23507,0.67165879863259,0.219854280510018
20526,0.795490691364955,0.319640564826701
20522,0.868263473053892,0.307952103162419
20544,1.04882943143813,0.412371134020619
20563,0.8125,0.306662515566625
20533,0.85387811634349,0.240622906898861
20582,0.895315165218771,0.263988522238164
23514,0.719141686610149,0.222270647199826
20573,0.758165925471553,0.273792093704246
20572,0.688527761656026,0.304074074074074
20592,0.717846532859938,0.290782608695652
20665,0.698744186046512,0.245434477222557
20618,0.785402759234535,0.315583398590446
20661,0.97917751171265,0.325985477178423
23516,0.740667556742323,0.264803410705827
20642,0.858325280450401,0.257917656373713
20648,0.674853384311311,0.242361684558216
20649,0.661811023622047,0.313577133249264
20653,0.936783299029697,0.369666244190959
20655,0.674155283968368,0.37515006002401
20620,0.956330576048886,0.407014305491463
20632,0.781827581750032,0.239774557165862
20709,0.719413990491899,0.285361842105263
20684,0.659509932199358,0.241486810551559
20694,0.588879456706282,0.270235407932925
20698,0.873896595208071,0.296703296703297
20683,0.789963989353374,0.29825598581141
20720,0.865405040069518,0.362515413070284
20723,0.887117701575533,0.311335166513902
20677,1.0157898021594,0.356566397652238
20673,0.655430947580645,0.256035934868052
20671,0.856456593846506,0.416629213483146
20712,0.68431921435455,0.252293577981651
20767,0.86154358504704,0.292705447830102
20737,0.815484922575387,0.310726023304452
20727,0.662888515009298,0.297739440809042
20755,0.796660002352111,0.336596893990547
20750,0.982420007355645,0.352572145545797
20743,0.764817918634771,0.344135258893977
20734,0.746363441321605,0.249319656688298
20791,0.836211668327245,0.259632616487455
20772,0.844777960526316,0.302266198531759
20794,0.741357680512963,0.268518518518519
20820,0.80739164979368,0.232201914708442
20833,0.825661853188929,0.309737454303755
20837,0.619413293376724,0.187950511027434
20821,0.704032328911535,0.272072636192862
20839,0.725402907697509,0.274752475247525
23531,0.789089055064582,0.271711635750422
20842,0.7992768403486,0.332549941245593
20819,0.787842138765118,0.27852708199529
20855,0.844708658558722,0.366483283961066
20866,0.67620549797206,0.261684578855286
20922,0.802584916069036,0.315717227179135
20919,0.732121303560652,0.264356185175816
20871,0.708799235080078,0.21093097108474
20898,0.719208751346143,0.267427122940431
20899,1.03120759837178,0.464795918367347
23537,0.722178477690289,0.204983922829582
20956,0.560541913632515,0.280430107526882
20942,0.770672407243257,0.306661080854629
20936,0.747632337466258,0.258376288659794
20961,0.573640293555846,0.265511178095956
20979,0.738743746525848,0.331687612208259
20996,0.786980416440901,0.267061663375027
20982,0.793483856733103,0.291528239202658
21035,0.792633410672854,0.416489361702128
21028,0.857218652361021,0.318859794497846
21043,0.784908639747349,0.262614455484122
21116,0.816177762164061,0.259933272672126
21143,0.790986868284918,0.367144977733795
21142,0.697008274984087,0.261058344640434
21088,0.879866518353726,0.366574694521088
21147,0.724275246893915,0.303669724770642
21094,0.918532847258388,0.27307895199578
21114,0.899866041527127,0.296505905511811
21079,0.766038466503163,0.248635824436536
21127,0.817654639175258,0.310875842155919
21126,0.874320923778839,0.237266687757039
21221,0.803408982093268,0.299916224518291
21187,0.757675172134467,0.234937402190923
21211,0.828285634898583,0.331475287997027
21179,0.707700144324646,0.300149925037481
21288,0.973162027123483,0.28542345276873
21286,0.717352998760034,0.246117847266539
21318,0.772933448033159,0.240759075907591
21362,0.867212917218942,0.255178492728074
21351,0.782489413729349,0.279537317543376
21356,0.813793103448276,0.303865652724968
21355,0.896101605221379,0.258661778185151
21335,1.03714598834862,0.36
21379,0.712370351631672,0.301047120418848
21304,0.79291446467019,0.301622095572117
21341,0.693025667617319,0.287421383647799
21330,0.741530600910807,0.315817409766454
21453,0.80925386854604,0.240097714186006
21473,0.718300338000966,0.28014505893019
21443,0.712281795511222,0.266311246509266
21470,0.843634055848467,0.306019539867633
21412,0.760650099844686,0.274535123966942
21469,0.744071199869756,0.242360747337175
21417,0.806106870229008,0.252929142644597
21423,0.632853056467846,0.228013029315961
21390,0.61122459950543,0.24309500489716
21416,0.816454134101193,0.237703451976391
21569,0.913460142297082,0.310026004045074
21565,0.709100721851177,0.25407245319718
21560,0.735945628461151,0.344896331738437
21500,0.734967497291441,0.251124437781109
21494,0.754871124545566,0.245356037151703
21578,0.777043666286263,0.287366046249295
21579,0.933290239172592,0.306545879602572
21501,0.903574608828393,0.355273916598528
21511,0.877235347865814,0.296914095079233
21589,0.783715489003276,0.309384164222874
21542,0.896137191115324,0.20814030443415
21552,0.795346586910626,0.257316053511706
21519,0.670651571530362,0.282660332541568
21488,0.664283010137551,0.236511156186613
21670,0.591683670655711,0.240580388485841
21620,0.757483110607032,0.267926854325046
21685,0.669712902687364,0.222222222222222
21611,0.820954408817635,0.293170295257978
21607,0.656834414699308,0.248181617809125
21631,0.881567289075575,0.260709689281118
21672,0.879686019759101,0.324293133294864
21603,0.913083257090576,0.309259259259259
21739,0.74595225607796,0.205903878994877
21749,0.683033026078095,0.266845049866213
21686,0.99686155582199,0.278764805414552
21734,0.670466549295775,0.239815526518063
21845,0.856970515851952,0.278857142857143
21851,0.917632850241546,0.336088154269972
21904,0.810781709855718,0.30247835174679
21877,0.708284428794992,0.277014770665976
21876,0.837688903732153,0.253919694072658
21905,0.541242245538791,0.250377529447297
21900,0.752594033722438,0.255525152599453
21864,0.72700811296216,0.219768381362779
21866,0.620728041856841,0.237224314147391
21967,0.695106066244883,0.210622950819672
21999,0.855488022881659,0.300539083557952
21929,0.604327824160845,0.202351076476027
21920,0.941901808003631,0.285980437820214
22029,0.722285910810501,0.270146257527961
21981,0.803966730646193,0.290887145443573
22133,0.825360791308578,0.225239616613419
22054,0.68590304863488,0.276555625392835
22097,0.736199286534857,0.282534246575342
22073,0.726033810143043,0.238477413437285
22107,0.838608048116855,0.262997974341661
22103,0.696165554564743,0.204595327223441
22168,0.722566081701012,0.269567845270474
22221,0.761706864564007,0.288573811509591
22241,0.788199844479005,0.326355140186916
22193,0.768162393162393,0.272001934235977
22305,0.669119192768552,0.228442280945758
22340,0.733631785114717,0.277065161621344
22325,0.858214772948743,0.343483104344597
22332,0.823213486498583,0.309716599190283
22375,0.785990155244226,0.295770650014192
22488,0.770209045385899,0.255061793321062
22499,0.894131084167985,0.338152327221439
22492,0.783874733878168,0.290822784810127
22498,0.884701890068263,0.250721570136617
22530,1.00701267141121,0.319723018147087
22723,0.922723627615368,0.33598615916955
22685,1.01939064551044,0.251294874084658
22766,0.848232362560349,0.347508305647841
22783,0.847512651580254,0.251874573960464
22692,0.692751423149905,0.259468957438501
22748,0.784234868288759,0.369353410097431
22628,0.67580946198166,0.276031702650998
22623,0.681594545384109,0.218327402135231
22803,0.716553589641258,0.24627695043343
22678,0.819609034741213,0.343577620173365
22676,0.753694988027413,0.269506628993697
22708,0.869724610483132,0.281296335522135
23601,0.890314445267309,0.248205928237129
22649,0.82452715891499,0.315628815628816
22609,0.597701592688288,0.243455497382199
22741,1.06755379388448,0.365214832254267
22732,0.772042860144268,0.244780014914243
22787,1.01320667284523,0.370642912470953
22878,0.869105213184428,0.297042658989793
22897,0.788572483500254,0.250792393026941
22817,0.714538558786346,0.260561660561661
22904,0.803780264239206,0.291478696741855
22960,0.795869855890655,0.302992903424869
22894,0.780837832296863,0.298942481299974
23062,0.880463286713287,0.357997010463378
23092,0.763392062644599,0.285809906291834
23109,0.679073462901846,0.290489213005166
23200,0.815470710790251,0.221360381861575
23231,0.596751769464105,0.236981677917068
23059,0.609689587783484,0.26116407425991
23165,0.797016559463528,0.236441798941799
23126,0.829660067239447,0.257707846055709
23075,0.838745280278827,0.290491118077325
23191,0.738781925343811,0.292064537372407
23139,0.759158689248895,0.260348337480208
23117,0.792387968078576,0.278216704288939
lovecraft_1920s_a,0.62191670036393,0.288590604026846
lovecraft_1920s_b,0.557398076042144,0.241791044776119
lovecraft_1920s_c,0.627746550843127,0.254420691475323
lovecraft_early,0.607195086282539,0.272270596115204
lovecraft_innsmouth,0.698901438960235,0.300559552358113
lovecraft_late,0.675405649038462,0.257953989231522
lovecraft_mountains,0.531234042553192,0.225692398350029
lovecraft_reanimator,0.598553913863565,0.271299093655589
lovecraft_shadow,0.535082367297132,0.251582278481013
lovecraft_ward,0.583312812936058,0.233724914341654
lovecraft_whisperer,0.583791895947974,0.26503164556962
