doc_id,average_predicted,actual,average_margin
uc2.ark+=13960=t0cv4hf87,1888.04598367289,1888.0,3.41585661317827
uc1.b4107807,1887.19767119519,1887.0,3.42897471494554
njp.32101032308387,1832.45378287723,1832.0,3.50937162444587
nyp.33433074951611,1804.07229259638,1803.0,3.56127711290853
20642,1963.03487856907,1965.0,3.58873088344302
10951,1948.03131005505,1949.0,3.69602198727292
11809,1944.43848409117,1946.0,3.75483001533604
11141,1925.35476374691,1925.0,3.78722183946401
uc2.ark+=13960=t4cn73z09,1889.65364284118,1888.0,3.81635154745641
11113,1922.44473614416,1923.0,3.83746343090088
21542,1981.04265008905,1978.0,3.83890957401833
uiuo.ark+=13960=t8nc69j1b,1799.65238776616,1803.0,3.88272562653221
njp.32101075374379,1846.60885017823,1844.0,3.90698395707769
uc2.ark+=13960=t1mg7hw3f,1835.57011603522,1833.0,4.01422310359237
21631,1979.80791049501,1979.0,4.04414010944482
inu.30000007695723,1871.25733473177,1872.0,4.04474117342589
uiuo.ark+=13960=t2j683k08,1849.47521825122,1850.0,4.04925001485493
10862,1947.37866322325,1947.0,4.06029268815019
uva.x000885514,1895.28204823395,1893.0,4.12725897239134
10889,1939.35400843565,1939.0,4.18842276827823
21929,1982.27336706635,1982.0,4.19972170108344
20698,1962.92508645179,1966.0,4.2229037191648
21318,1978.89234817127,1976.0,4.23330027118538
20427,1962.7803625984,1960.0,4.2950226656478
uc2.ark+=13960=t45q4tp5h,1905.35736646856,1903.0,4.35494001995924
nyp.33433074897426,1892.93919059569,1896.0,4.44837730755043
10954,1950.63365034714,1949.0,4.44948104765295
uc1.b3326097,1842.25828646301,1840.0,4.46733723244512
10962,1952.38598279897,1949.0,4.48672769935137
mdp.39015000613680,1916.4178090835,1914.0,4.53366004744283
20393,1959.21692882435,1959.0,4.57636029264544
21221,1972.02261458012,1974.0,4.58340613722121
22894,1987.40866057419,1988.0,4.62519053799019
20720,1968.22303902708,1966.0,4.64259644830153
uiuo.ark+=13960=t8w95tz11,1804.76717159986,1803.0,4.64353536644145
11114,1924.09420551582,1923.0,4.64828066269481
23109,1986.60077548694,1989.0,4.66316623428316
uiuo.ark+=13960=t6xw4rw1j,1803.2049133751,1803.0,4.68723178162178
10053,1927.03600121347,1928.0,4.69635745430091
21330,1978.3829516123,1976.0,4.70195633076573
10286,1926.67983376538,1928.0,4.70224871812355
hvd.hwkdax,1800.54678759057,1803.0,4.71641594766403
uc2.ark+=13960=t6154fk9b,1854.62568773809,1853.0,4.72119355632433
nyp.33433074915269,1894.77810877277,1897.0,4.73299184307874
11046,1934.44773308248,1933.0,4.73317445733365
10690,1939.20697760352,1942.0,4.73999176971211
11098,1948.77745870473,1950.0,4.74512177592884
10310,1927.76752852865,1929.0,4.75132108459786
nyp.33433074841895,1915.27448303217,1915.0,4.7531343784835
21114,1968.89461431266,1973.0,4.7952518667579
10814,1948.77972805383,1946.0,4.80499697881462
21876,1983.63301010678,1981.0,4.85629253558424
10403,1929.31375733575,1933.0,4.87061960732603
11043,1930.38738346128,1932.0,4.87698111249768
11836,1946.01714536942,1947.0,4.87732990537285
21578,1975.88124685542,1978.0,4.8885390323543
mdp.39015063960556,1922.76491797691,1920.0,4.92367911133239
22766,1989.4095094417,1987.0,4.94269876158915
21620,1980.72522166545,1979.0,4.94708201739233
uc2.ark+=13960=t9474d81g,1874.43020773521,1876.0,4.95692650669067
20233,1954.47419052474,1956.0,4.96051894520138
11499,1936.08403061543,1936.0,4.96879211331929
11927,1951.62228558387,1950.0,4.97487825382353
4459,1920.35728164308,1920.0,4.97765702512904
11703,1944.24479564629,1942.0,4.98511981705172
10803,1948.21838382382,1946.0,4.99331397217377
nyp.33433074818778,1879.68375026149,1880.0,4.99500422398449
uc2.ark+=13960=t7hq41f5s,1908.07444089476,1909.0,5.00348891435355
10202,1952.33134241709,1950.0,5.00715333205098
20839,1972.13301050897,1969.0,5.01957236910643
uc2.ark+=13960=t6251m863,1872.6555573865,1871.0,5.0220189916117
njp.32101013133523,1811.30978857621,1813.0,5.02764253310932
20002,1947.04008618686,1951.0,5.04302255705981
11156,1923.85835798132,1925.0,5.05392804386752
nyp.33433074937610,1827.12362049832,1827.0,5.06446421391449
coo.31924051019580,1911.06940038343,1912.0,5.06566936877854
11921,1946.59076667457,1950.0,5.06759886975826
11877,1950.94790494447,1949.0,5.08343696320795
20139,1952.98788596721,1954.0,5.08694872398376
dul1.ark+=13960=t0tq6sw6t,1808.9881969403,1807.0,5.09014466329887
10270,1923.49147042353,1927.0,5.09243496211588
10298,1926.98706383347,1928.0,5.11523139584692
21569,1980.01836169382,1978.0,5.13181143720795
20794,1965.19743145176,1968.0,5.1434041455889
23117,1987.67447454013,1989.0,5.16662212819242
11928,1953.97459037745,1950.0,5.17506311265388
21412,1976.85300413528,1977.0,5.17548088799206
nyp.33433075768253,1826.9661331023,1826.0,5.1782594255493
21488,1979.92165602453,1978.0,5.18674892580709
nyp.33433076053762,1914.51413504493,1913.0,5.19438511222009
21341,1972.28024892963,1976.0,5.20528204598119
nyp.33433074955109,1789.71021074448,1790.0,5.20584563784798
20632,1965.7167609264,1965.0,5.23370551484213
uc2.ark+=13960=t4bn9zk9h,1889.28693329022,1887.0,5.24380679462085
njp.32101013566920,1896.1017107416,1892.0,5.24561156026488
20474,1964.20035812028,1961.0,5.26997626063701
njp.32101063580268,1884.46806760495,1886.0,5.28032634383153
dul1.ark+=13960=t3dz0xh78,1876.03293521147,1880.0,5.28141652534984
20136,1958.24951988538,1954.0,5.28974974804819
11404,1935.80592877943,1933.0,5.30261430746016
uiuo.ark+=13960=t3jw90j80,1815.36638681927,1818.0,5.34681969892133
11101,1935.59703928523,1940.0,5.35578006428269
11121,1923.36922861886,1924.0,5.38711374636811
11300,1927.88966170363,1930.0,5.39250149435102
21670,1979.74336593917,1979.0,5.39507757081567
10832,1948.09942802911,1946.0,5.39831983961497
11907,1945.64412704279,1950.0,5.40344772564137
uiuo.ark+=13960=t48p6974b,1867.60320967505,1868.0,5.41232799364885
uc2.ark+=13960=t5v69m62h,1912.62232218261,1911.0,5.42351279912921
nyp.33433075827018,1890.14152487486,1893.0,5.4293412427937
21127,1971.38888042931,1973.0,5.43185214417058
nyp.33433074850870,1904.75606492682,1904.0,5.43215901775406
11302,1934.64213680611,1930.0,5.44691875259738
21286,1978.08932205627,1975.0,5.4484826266293
uc2.ark+=13960=t0js9hc64,1888.29002737906,1887.0,5.44942909124891
uc2.ark+=13960=t3bz6dj56,1859.54121965219,1863.0,5.46102304787616
10096,1936.25578827741,1931.0,5.47671201915921
11584,1940.10352992329,1938.0,5.48682919675743
uiuo.ark+=13960=t1rf6b61z,1821.32310143452,1820.0,5.49242562461104
nyp.33433076047608,1920.52643996874,1921.0,5.49661669533245
20380,1954.17457047629,1959.0,5.49841360956742
11234,1931.7187595912,1928.0,5.50538327849192
20032,1948.27231985021,1951.0,5.51632200724392
uc2.ark+=13960=t1dj5cf2j,1884.98796715418,1886.0,5.52834986060342
22649,1983.06730884602,1987.0,5.53388840873637
uva.x001307832,1887.61111767955,1888.0,5.54858441212824
uc1.b3578701,1876.21045289543,1880.0,5.5550139340049
10853,1946.77110213731,1947.0,5.55906703687855
21079,1972.12616020331,1973.0,5.55935413838712
nyp.33433074911532,1786.24559595799,1788.0,5.57179909258931
njp.32101062743727,1799.9523435724,1796.0,5.58341072144793
23474,1948.94493149699,1953.0,5.58417970072846
10353,1935.05316677606,1931.0,5.59741009499417
nyp.33433075766463,1903.39619606769,1908.0,5.60896374790321
nyp.33433076024060,1896.8056967384,1900.0,5.61249905286102
uiuo.ark+=13960=t15m6kw75,1828.61542940929,1828.0,5.61868662831025
10968,1945.07871312837,1949.0,5.63217169481326
uiuo.ark+=13960=t6251zn27,1808.59449678037,1810.0,5.63755434005104
uc2.ark+=13960=t2h70dt42,1892.89224646953,1888.0,5.64390744172153
uc2.ark+=13960=t8df6mw4h,1853.760781534,1850.0,5.6512633980625
10357,1936.4335742149,1931.0,5.66178451049785
22499,1984.19337364335,1986.0,5.66903007486476
10774,1945.95817207454,1945.0,5.67214138731005
11013,1954.52052176003,1950.0,5.67765959839573
uc2.ark+=13960=t8z89353s,1910.32258370454,1913.0,5.68659952657114
21845,1976.72767199912,1981.0,5.69313011845629
11277,1926.31236817567,1929.0,5.71212678846685
11305,1926.14414295932,1930.0,5.7254845197509
4698,1920.54106095597,1922.0,5.73168539577613
20821,1969.58922623785,1969.0,5.74289970415488
21035,1969.07379507107,1972.0,5.75936741404009
11552,1934.25110710632,1937.0,5.76417746008318
21877,1984.27804477054,1981.0,5.77147333814071
20044,1947.95401841894,1952.0,5.77978198564723
20833,1967.13447663655,1969.0,5.79108298206651
mdp.39015066036578,1891.76447301244,1889.0,5.79251828251501
nyp.33433076054620,1921.24466755433,1919.0,5.79507642197486
nyp.33433039680552,1884.78530137534,1890.0,5.8010878691054
21453,1978.93955530801,1977.0,5.84028696437114
mdp.39015066083661,1893.27251172112,1890.0,5.84880536600024
20961,1971.66739172596,1971.0,5.85341224492286
21734,1977.41618001231,1980.0,5.87625708035916
11545,1935.31681019843,1937.0,5.88059085705492
uc2.ark+=13960=t3hx1bd9t,1831.24449494766,1832.0,5.90139434819483
20240,1960.99333180724,1956.0,5.91034121775673
uiuo.ark+=13960=t1qf99m3q,1873.51042456869,1875.0,5.91201404743692
uc2.ark+=13960=t17m0b23x,1898.54056008815,1895.0,5.93664658661596
22103,1979.86631908713,1983.0,5.94269125084876
20008,1954.05146708954,1951.0,5.94486907731552
uc2.ark+=13960=t6zw19x28,1908.13016611935,1912.0,5.94525786638946
dul1.ark+=13960=t3dz14r97,1812.08204396417,1807.0,5.95128328894854
20270,1959.68009390452,1957.0,5.96862539308002
21501,1977.54368848856,1978.0,5.97550352394499
njp.32101051650776,1790.36865900586,1794.0,5.98065929483391
uiuo.ark+=13960=t0ft97228,1878.9063333907,1876.0,5.99747972798538
mdp.39015000551799,1840.86020720438,1838.0,5.99861596523074
23231,1984.5287611643,1989.0,5.99874330964977
20661,1960.55922815234,1965.0,6.00026681764788
11736,1940.79468420762,1943.0,6.00152891973803
nyp.33433076073786,1908.99762614875,1911.0,6.00693304755967
njp.32101076806486,1897.5076130939,1898.0,6.03308358210595
uva.x000315604,1916.21835582092,1914.0,6.03411756373481
10665,1945.50189372503,1942.0,6.04707621881885
21147,1971.77557846284,1973.0,6.05086764269247
uc2.ark+=13960=t4wh2p202,1839.4957102097,1834.0,6.07293174227134
uc2.ark+=13960=t7np1xq4d,1915.08103814792,1919.0,6.0769900360119
10083,1925.99285974068,1930.0,6.0777237937845
21900,1975.50029065223,1981.0,6.09279516170003
uva.x000674483,1882.57996645729,1888.0,6.09873488667035
11564,1941.61890943783,1938.0,6.09923364618003
nyp.33433074945779,1871.29610467065,1866.0,6.10250996045932
23191,1984.39780289213,1989.0,6.15571242853613
dul1.ark+=13960=t3vt2js1t,1788.09473466241,1786.0,6.17441280096776
10543,1942.56910638219,1938.0,6.17617815298468
njp.32101037977574,1802.36391055097,1807.0,6.18017487313593
uc2.ark+=13960=t3pv6dr2h,1911.28328132492,1911.0,6.18694986827498
11285,1928.49561424892,1930.0,6.18913047158666
21981,1983.46651244132,1982.0,6.19982117755208
nyp.33433076081649,1914.90015947688,1916.0,6.20254638755957
njp.32101066479765,1791.72318052816,1791.0,6.21817858759543
dul1.ark+=13960=t4jm31m6k,1862.20854452648,1862.0,6.22985803286262
22960,1989.91232299453,1988.0,6.25094775083166
21904,1975.36076493474,1981.0,6.2511098384778
21143,1967.92710470821,1973.0,6.25247864161799
uc1.32106001959946,1909.38276079494,1904.0,6.25398592808067
uc2.ark+=13960=t0ms3qz4m,1823.94922890571,1829.0,6.28071531991181
uiuo.ark+=13960=t1gh9v49g,1802.38558532703,1803.0,6.29189170036352
uiuo.ark+=13960=t9c53x809,1854.90648750872,1859.0,6.30690946115701
nyp.33433074915970,1804.80532172426,1809.0,6.31506712977256
22325,1989.79582108587,1985.0,6.31611768193066
20791,1972.39396821457,1968.0,6.32876133827132
11316,1936.40046493171,1931.0,6.33039305301258
mdp.39076002720709,1903.73984330619,1900.0,6.34727406402486
10336,1926.6854183447,1930.0,6.36510352715873
11469,1940.17564970091,1935.0,6.36774317246474
coo.31924013525971,1913.33329561007,1908.0,6.37079711150196
uiuo.ark+=13960=t09w1328x,1813.08839367574,1813.0,6.38197809950338
mdp.39015001553547,1912.14669529261,1912.0,6.408845996558
20618,1960.15422361248,1965.0,6.41247260887312
22897,1983.34999402302,1988.0,6.43156785942143
21511,1972.85554004134,1978.0,6.44244089772511
21470,1972.8142918204,1977.0,6.44447434037488
uva.x001705067,1921.83452497616,1917.0,6.4474515912577
11778,1939.57143678812,1945.0,6.45631522876304
uva.x030223689,1865.6735203991,1871.0,6.47763518924447
23468,1946.09891460337,1952.0,6.4835571651933
20526,1967.58101623491,1962.0,6.48466879623879
20133,1955.58408113366,1954.0,6.49042562558028
uiuo.ark+=13960=t09w14g77,1816.84441310744,1818.0,6.49164460377168
11311,1924.96704509799,1930.0,6.51019882051744
uc2.ark+=13960=t48p64044,1898.29270202166,1894.0,6.52581297403989
uc2.ark+=13960=t2794143s,1906.6437230291,1912.0,6.52735342463688
nyp.33433082485636,1918.95732964591,1918.0,6.53288512485076
mdp.39015048759016,1915.10552005871,1913.0,6.53624260602356
umn.31951002096159c,1833.83943453398,1838.0,6.54742123292753
inu.30000011752437,1915.69536552974,1910.0,6.55264237455228
20335,1960.16507537797,1958.0,6.55295620056008
10086,1926.59190082866,1930.0,6.55764809251756
mdp.39015059642994,1881.50294395252,1886.0,6.58050246610718
22488,1991.11253248407,1986.0,6.59127137364321
20842,1974.67689712993,1969.0,6.59194473852646
uc2.ark+=13960=t9571nb3d,1870.79603854824,1866.0,6.60673624376319
mdp.39015049217741,1898.16016064136,1892.0,6.60937107018835
22817,1983.51489885965,1988.0,6.61937327245449
nyp.33433074931118,1851.98540613413,1847.0,6.62053754460018
mdp.39076002607435,1920.61655929903,1917.0,6.63099646629353
uc1.b316144,1833.92543675065,1832.0,6.63187153456813
uc1.b3578934,1897.61204979568,1891.0,6.63288452057652
nyp.33433076072051,1926.70356061884,1922.0,6.65433103646885
uc2.ark+=13960=t5j961w9x,1917.40510887571,1911.0,6.67876639208092
LovecraftCharlesDexter1927,1926.68109551212,1927.0,6.68679736075202
mdp.39015018606049,1876.80837334286,1871.0,6.68782621626079
nyp.33433075761720,1887.49442739667,1888.0,6.68936357856647
10645,1938.03931860921,1941.0,6.70948272903217
23514,1958.92986847263,1964.0,6.71361952467845
20743,1962.52084965287,1967.0,6.71624722182574
njp.32101031806142,1875.13095802797,1874.0,6.72309808706834
21351,1981.47650513165,1976.0,6.73686183224406
20755,1962.0856474217,1967.0,6.73778977812846
20677,1967.37656703335,1966.0,6.74155758889062
nyp.33433075746895,1909.47583109598,1909.0,6.74465671234045
21126,1979.11897143066,1973.0,6.74874074197831
nyp.33433074857248,1900.10856200977,1905.0,6.75282665471006
nyp.33433076047871,1920.61618936164,1914.0,6.8021389747512
22241,1978.57479864524,1984.0,6.82457463733515
20176,1955.30657785677,1955.0,6.83612669816608
uc1.$b807274,1907.88026143952,1911.0,6.84147047000074
10292,1934.13361981491,1928.0,6.86076360174038
uiuo.ark+=13960=t7br98r5d,1813.26632418829,1810.0,6.86722242744841
21500,1984.34712478633,1978.0,6.86993015049525
mdp.39015000541717,1889.95340372646,1885.0,6.89623971568183
20936,1975.21932994606,1971.0,6.92170035487017
nyp.33433067303937,1800.3428928008,1807.0,6.92324800751123
11442,1927.33547276005,1934.0,6.92439667429498
uc2.ark+=13960=t1zc7v45r,1919.39208396595,1914.0,6.93024972145693
20162,1960.35128598053,1954.0,6.94294947996992
mdp.39015031235545,1918.97048459255,1920.0,6.96360906065706
20866,1975.29219034852,1970.0,6.97103819200433
11385,1926.83033264164,1932.0,6.97328307093514
11030,1930.45465592328,1927.0,6.97755307954856
inu.39000002156706,1907.92173531813,1903.0,6.98266006105385
21589,1976.04524638892,1978.0,6.99495898932646
10272,1933.57158654642,1927.0,7.00537334454376
uiuo.ark+=13960=t0ns19n7m,1798.7217747845,1801.0,7.0121822142812
mdp.39015039487205,1905.96199818556,1904.0,7.02516850002808
20370,1963.91331197665,1959.0,7.02945962513124
10733,1949.36389404668,1944.0,7.03913690153676
nyp.33433051569915,1796.78754929937,1800.0,7.04587005111239
uc1.b117774,1891.91546112335,1886.0,7.05317883819389
22305,1991.71584993234,1985.0,7.06150256423962
20712,1965.21398697156,1966.0,7.07468552071637
uc2.ark+=13960=t5x63bm4w,1916.08923549577,1913.0,7.11522560319403
20653,1960.72629208023,1965.0,7.11576411034777
uiuo.ark+=13960=t4km00443,1819.28199716967,1818.0,7.12715839166261
uc2.ark+=13960=t5n874v29,1887.28502567804,1885.0,7.14867066846423
uc1.b3578887,1895.42999758357,1897.0,7.15851574261548
mdp.39015010776881,1913.12337730959,1918.0,7.16389102525968
20083,1946.81273875007,1953.0,7.18556362749356
22073,1977.1034659151,1983.0,7.19643778747419
21088,1966.33598548853,1973.0,7.20086025647962
hvd.32044014279723,1831.4138399939,1827.0,7.20272201685013
mdp.39015011950758,1912.4418150614,1909.0,7.20982197822924
11191,1932.47353990023,1927.0,7.23215520415324
11782,1947.19966162301,1945.0,7.24226917278596
21469,1982.90743393998,1977.0,7.25603888852608
20152,1957.55896795472,1954.0,7.27039849696412
njp.32101068574530,1905.0561148788,1910.0,7.28448190217895
20065,1945.79619384328,1952.0,7.28698277964057
mdp.39076002286230,1912.88643763738,1915.0,7.32152651023114
inu.30000060903741,1843.21900779633,1849.0,7.32267486283867
uiuo.ark+=13960=t42r4bj1d,1863.18357750152,1867.0,7.32997196477331
20505,1966.81486856627,1962.0,7.34201504113591
11468,1939.78414620055,1935.0,7.3561077037979
20079,1958.59392257019,1952.0,7.36010879588524
mdp.39015011950766,1898.20393885351,1896.0,7.36256001913223
nyp.33433074955331,1780.02902784661,1777.0,7.38066193092217
njp.32101067707909,1880.72307923099,1874.0,7.39300653977282
mdp.39015038723360,1867.10614267872,1860.0,7.40930654505031
nyp.33433074937446,1837.53508133194,1832.0,7.41018000953309
nyp.33433075763080,1897.69792964864,1904.0,7.42933111052015
nnc1.cu58506756,1788.23715079818,1791.0,7.43748661127398
inu.39000005852087,1917.39753535114,1914.0,7.44567941801642
mdp.39015012876820,1897.44615398389,1890.0,7.45807613816642
20767,1972.56562191454,1967.0,7.47095119716117
20522,1955.62823969442,1962.0,7.47615412644883
uiuo.ark+=13960=t86h4xr9x,1803.53090313456,1806.0,7.47621002136141
11383,1938.64601948108,1932.0,7.49035630445733
dul1.ark+=13960=t1qf9gh9b,1869.70201951901,1863.0,7.49481555084804
wu.89004395398,1911.41435253147,1907.0,7.49803481454078
10265,1920.83544451387,1926.0,7.49993653222597
11096,1955.94013224917,1949.0,7.50501372146044
10877,1953.79911700387,1947.0,7.50952923890014
mdp.39015026244999,1883.21047066946,1878.0,7.50971162158273
nyp.33433022846707,1856.52572440702,1850.0,7.53680436216649
20683,1972.35465265144,1966.0,7.54467410881294
nyp.33433082173273,1897.55366756146,1894.0,7.58261436453645
uiuo.ark+=13960=t2697pf21,1873.9203630248,1880.0,7.58935247423871
22623,1979.74433043456,1987.0,7.60644358406951
njp.32101067630820,1873.11688629843,1867.0,7.61170186018869
hvd.hwjme4,1844.4707371606,1837.0,7.62500633727128
21560,1982.91075179156,1978.0,7.62714806792555
umn.31951002081141q,1833.2105825783,1826.0,7.63009804605761
dul1.ark+=13960=t66401k8k,1891.82837157091,1888.0,7.63835176033331
20041,1957.74345558921,1951.0,7.65220303204032
20979,1977.56871627896,1971.0,7.67263417804276
4458,1922.08980334821,1920.0,7.68358741484871
21685,1985.93434875665,1979.0,7.697371101174
mdp.39015062473205,1919.02372928533,1922.0,7.70393510389677
nyp.33433074850961,1898.68296352609,1905.0,7.70993505924766
20727,1973.99955959244,1967.0,7.71679272555367
uc2.ark+=13960=t3707xt9q,1915.25193004707,1908.0,7.73082817942943
20088,1960.10259820604,1953.0,7.74556286499451
21607,1972.67665095728,1979.0,7.74748799035136
uva.x000380956,1858.9119460558,1865.0,7.76611288961789
uc2.ark+=13960=t5n87gd14,1870.56666465763,1863.0,7.79592391685873
nyp.33433082170576,1853.15877350006,1847.0,7.79690569909016
mdp.39015063949229,1900.02775816466,1894.0,7.81300085560159
njp.32101067634046,1840.49724887834,1833.0,7.84718283810138
10302,1925.9054808443,1929.0,7.84837235919744
nyp.33433082530043,1922.56613802623,1918.0,7.85068700126387
11932,1942.84149449037,1950.0,7.86068064162739
uc1.b250127,1869.07863795972,1864.0,7.86608991344213
uc1.b3578339,1917.60953590009,1911.0,7.86741808619058
uiuo.ark+=13960=t9474zg09,1875.84969457356,1883.0,7.88095036052576
20871,1976.41800899262,1970.0,7.88204812704382
10679,1947.0159537164,1942.0,7.91321144229041
10365,1936.96355884747,1931.0,7.93997026996331
11416,1930.66875766334,1933.0,7.94396945223224
22193,1989.37052763084,1984.0,7.95393502376549
uc2.ark+=13960=t9t14vb5t,1875.20865541138,1874.0,8.00034261552399
22787,1983.5648572957,1987.0,8.00139217038905
11709,1934.86015413993,1942.0,8.00513910403262
njp.32101063580995,1904.50640091608,1903.0,8.01986317952917
10761,1940.88060644546,1944.0,8.03187218361669
10526,1931.05530649899,1937.0,8.04089273198964
mdp.39015063941135,1899.26152852579,1907.0,8.04610243289547
nyp.33433074863691,1839.06005476076,1832.0,8.06639204658103
uiuo.ark+=13960=t7cr65585,1878.85562438262,1886.0,8.07410751288105
20922,1962.49986915025,1970.0,8.08776677475608
coo.31924013476498,1888.96917605214,1885.0,8.09018493366096
njp.32101068138443,1897.88132099642,1892.0,8.12059788240602
uiuo.ark+=13960=t6zw24n6x,1822.55245358101,1818.0,8.12186420429583
uc1.b250120,1809.15335091858,1803.0,8.12495408504854
umn.319510024638086,1908.03669150948,1915.0,8.13777166656214
uva.x000237148,1857.73508721262,1865.0,8.15095603071465
uc1.32106006960592,1858.57318457002,1866.0,8.16902226882952
4690,1922.78687781183,1922.0,8.17190865085044
dul1.ark+=13960=t98637h6g,1902.3424201777,1895.0,8.17213236848547
mdp.39015010330341,1880.49337676568,1877.0,8.18801874413069
nyp.33433074879481,1906.90380157392,1914.0,8.19991402572419
nyp.33433075765705,1902.03754701673,1894.0,8.20321127915081
mdp.39015004274992,1853.4260147442,1846.0,8.20850149328352
11044,1924.34732894305,1932.0,8.2091316509513
21473,1983.91069679006,1977.0,8.23037157745804
20820,1976.91202691934,1969.0,8.24236379568097
uva.x000676502,1892.73010339191,1899.0,8.25568179237323
uc2.ark+=13960=t3rv0jp0n,1839.89537897399,1832.0,8.26055870571724
20194,1962.78050512557,1955.0,8.277657046051
20620,1965.00313755542,1965.0,8.2845045409695
njp.32101068580768,1871.31672389338,1868.0,8.29554071434424
uc1.b4104310,1891.36910868436,1899.0,8.29839021132084
nyp.33433075749287,1918.86767431221,1915.0,8.29930873149802
10065,1933.77578645158,1929.0,8.30713585627904
4599,1917.15513206533,1921.0,8.32422442583953
21494,1984.92291841886,1978.0,8.3383660180453
uc1.b250129,1865.30743716448,1864.0,8.34098084997106
21416,1970.05914719018,1977.0,8.34303867131886
mdp.39076002660483,1926.46293812498,1920.0,8.3508506977826
21672,1972.98584215058,1979.0,8.36104667358722
uc1.b287473,1824.80064084265,1818.0,8.36125630483966
nyp.33433074926712,1911.99009439487,1920.0,8.37199153787776
nyp.33433076060874,1872.94284624861,1865.0,8.37230607510958
njp.32101074629542,1795.78422472333,1790.0,8.38575905160958
10970,1958.14510479005,1950.0,8.43351320513182
uc1.31158008377706,1826.34914240655,1818.0,8.44829539043014
uc1.b318291,1882.65668285383,1883.0,8.45838751441572
mdp.39015006997806,1853.25995204194,1846.0,8.49152362934485
22676,1979.33215009438,1987.0,8.51232613146615
20428,1963.55211141257,1960.0,8.5156881550113
mdp.39015063950102,1802.14872079557,1794.0,8.52177820540522
mdp.39015021039980,1828.55538660765,1821.0,8.52697510874198
uva.x001752097,1908.62582136132,1910.0,8.53051070709052
21094,1967.0498894647,1973.0,8.5405374626334
11675,1948.95907953596,1941.0,8.54418560106357
10883,1948.74464227401,1948.0,8.58322483060266
22168,1981.19658403983,1984.0,8.59237570702543
21423,1985.37650692827,1977.0,8.60386071951165
20089,1960.24803227436,1953.0,8.62071135707491
njp.32101007059791,1835.16959102892,1843.0,8.62384401487256
4720,1928.07074903934,1922.0,8.64352890939073
mdp.39015004307362,1877.06366586509,1870.0,8.6984657951519
uc1.b4101416,1882.92477909505,1875.0,8.7139962091728
4705,1929.50315410838,1922.0,8.72426373630985
nyp.33433075818801,1882.15677147092,1875.0,8.73373329122778
10808,1951.38878560376,1946.0,8.75107977982011
uc1.b249346,1898.91069630176,1898.0,8.78834066287319
inu.30000042783591,1895.71484537681,1887.0,8.79051730274928
22498,1978.02728127118,1986.0,8.79505687575344
23059,1980.58023331109,1989.0,8.80970694153758
uc2.ark+=13960=t45q4sn3p,1901.51125452784,1893.0,8.81037718165614
mdp.39015078569723,1888.26565497173,1880.0,8.81285213908812
21686,1972.08883334506,1980.0,8.81961430678083
11274,1909.39709484497,1901.0,8.82027456968094
uc1.b3386909,1879.54026196553,1871.0,8.8285146974451
11242,1933.58754309114,1928.0,8.85205128120874
njp.32101066455278,1899.60684358187,1908.0,8.86084515042138
10993,1941.65005291333,1950.0,8.875618419425
mdp.39015059372105,1831.42095373069,1823.0,8.87616659976652
nyp.33433074880075,1863.11688643603,1871.0,8.87689531425893
nyp.33433074848668,1902.10208559599,1910.0,8.89172526915791
nyp.33433074955091,1798.72112072097,1790.0,8.90620985717266
10916,1952.17619202303,1948.0,8.91431428989912
11323,1939.226658533,1931.0,8.9200513750907
22783,1978.90707464739,1987.0,8.92671620883113
mdp.39015007007282,1882.8155630889,1889.0,8.93076422535851
uc2.ark+=13960=t5bc3wr6q,1874.49151287526,1879.0,8.93933657680896
10588,1947.31170092664,1939.0,8.95686336195535
21866,1973.22357953634,1981.0,8.96023235719728
nnc1.0037104152,1792.18640389849,1795.0,8.96153087160082
21905,1972.90776518517,1981.0,8.99885463836732
21739,1971.46716932533,1980.0,9.0395835366393
11535,1928.0114533241,1937.0,9.05255725072819
11592,1947.4221655243,1939.0,9.05706577762789
nyp.33433074911508,1796.0047736337,1788.0,9.07282626136729
10561,1946.21093110241,1938.0,9.07513293184117
uc1.b3324220,1867.52288757501,1859.0,9.08329631870262
nyp.33433074920608,1866.27048111443,1858.0,9.08457843744298
10736,1935.70640123789,1944.0,9.11965678221395
nyp.33433074866413,1905.04607229045,1898.0,9.15042148705709
22097,1975.2038867698,1983.0,9.17468234555669
nyp.33433074970710,1911.56988619439,1920.0,9.18591887786728
4528,1912.76182133301,1921.0,9.1926567964266
njp.32101031806159,1883.55676102616,1875.0,9.2024683510463
21390,1985.15064832482,1977.0,9.22877345733125
10622,1948.99340560004,1940.0,9.23811916335947
10117,1927.82950619761,1935.0,9.24330142593372
uiuo.ark+=13960=t2s475w45,1856.56813383218,1851.0,9.24760082810923
20163,1962.72291418427,1954.0,9.27264665515545
uc1.b4103074,1894.94978066243,1904.0,9.28193347697052
11519,1927.94191125409,1937.0,9.29952617458597
nyp.33433075833354,1859.67624936153,1867.0,9.31349787981809
JamesTurnOfScrew1898,1889.59842147433,1898.0,9.31628020371382
10151,1933.34734088485,1940.0,9.34179986302114
11169,1919.6603217774,1926.0,9.3432012114031
10838,1956.09633695661,1947.0,9.34816496313168
11252,1920.1399824769,1929.0,9.35474812481796
uc2.ark+=13960=t0xp6w75n,1906.7850889919,1912.0,9.35771191357959
dul1.ark+=13960=t3zs3df24,1879.31758824487,1888.0,9.36301328233345
uiuo.ark+=13960=t95723s7x,1805.20859159973,1812.0,9.38170250526085
nyp.33433074868807,1828.97692017189,1838.0,9.40615972580392
uva.x000180089,1843.16152161057,1850.0,9.41134231929593
inu.30000007703436,1903.41119019006,1894.0,9.45973099616686
dul1.ark+=13960=t16m3xm4f,1912.71655486605,1922.0,9.46903065264571
uiuo.ark+=13960=t58d0ds3h,1875.6555401824,1868.0,9.48954996494208
nyp.33433075727168,1902.25688737978,1893.0,9.49401145408008
10355,1925.13553007949,1931.0,9.49803046343913
uc2.ark+=13960=t40r9p16h,1909.62837566125,1909.0,9.49835459632613
20219,1964.60692503401,1956.0,9.50551681034965
nyp.33433074968045,1907.63709536986,1917.0,9.5125692770994
21579,1969.22774215205,1978.0,9.51294968218267
mdp.39015004200997,1826.86949800643,1818.0,9.52329115575395
uc1.$b382267,1900.49763181543,1891.0,9.52399047140814
20648,1973.38212746964,1965.0,9.52540797267003
inu.30000007708815,1876.85974095601,1868.0,9.54609948084737
mdp.39015063556271,1827.17138995204,1818.0,9.60946754395535
mdp.39015006963881,1919.26638019285,1910.0,9.6429746039297
uc1.b4105364,1901.22000156312,1892.0,9.64801846949209
dul1.ark+=13960=t6834qb4k,1795.81183538538,1788.0,9.65760960559375
uiuo.ark+=13960=t2b85z60c,1809.12726976518,1818.0,9.66670617853134
mdp.39015024230610,1777.13028421494,1785.0,9.67025433744113
mdp.39076002657265,1909.41912907806,1913.0,9.67727866464776
nyp.33433075741243,1923.82474443245,1915.0,9.70562001611454
uc1.$b813705,1885.30067205502,1876.0,9.70684502097816
11226,1937.53798423415,1928.0,9.72405103052712
PeakeTitusGroan1946,1936.61471544268,1946.0,9.74335881575592
uc2.ark+=13960=t4qj79t1j,1899.4181715376,1909.0,9.78533503320835
20573,1954.35183248543,1964.0,9.82643359118366
11711,1933.00951361683,1942.0,9.83903562205221
21104,1964.86792279499,1959.0,9.86198064285235
njp.32101067187755,1870.28765389683,1861.0,9.90015062050073
21379,1967.76314385004,1976.0,9.90289899103109
20582,1954.66573132317,1964.0,9.91465001824024
BlochPsycho1959,1967.93209629561,1959.0,9.92170893847458
20293,1947.31510559057,1957.0,9.93356856769407
22692,1977.21581239799,1987.0,9.93432918848839
mdp.39015030996832,1843.85263174591,1834.0,10.0012985730611
uiuo.ark+=13960=t18k7vt5k,1814.13446922813,1807.0,10.0154433188206
uiuo.ark+=13960=t8x92v101,1835.83143792559,1826.0,10.0547958676874
10476,1944.75029047487,1935.0,10.0827253073118
20996,1961.12009166337,1971.0,10.0888771363226
4655,1912.45890068422,1922.0,10.1044373442752
20078,1961.84098192229,1952.0,10.1059659518374
nyp.33433075732655,1911.50623908909,1921.0,10.108521413369
nyp.33433074874300,1786.40607786601,1796.0,10.1140071677618
uc1.32106010644463,1836.01861935496,1846.0,10.1245074503572
nyp.33433074863782,1839.541806958,1848.0,10.125560472177
mdp.39015062658789,1880.65461660806,1881.0,10.1277560704829
nyp.33433081593646,1913.79344263171,1905.0,10.1516608843601
dul1.ark+=13960=t41r7h934,1836.02667010585,1826.0,10.1578855762615
11829,1936.87116491204,1947.0,10.1678936334725
22221,1973.93082585384,1984.0,10.1742390301852
uc2.ark+=13960=t1gh9jr4d,1877.93707245605,1888.0,10.1873575194882
11166,1935.52193538952,1926.0,10.2050666246133
uc2.ark+=13960=t53f4nk4h,1906.3758743623,1916.0,10.2367444411811
11099,1940.59885717407,1950.0,10.3120017993244
4625,1911.81082901099,1921.0,10.3232514137237
20673,1956.49012094808,1966.0,10.3432923878484
mdp.39015074379739,1903.3311929556,1912.0,10.3433831863402
11007,1960.28253870774,1950.0,10.362311573859
uc2.ark+=13960=t53f4sg3b,1866.45080512251,1875.0,10.3696644725016
10361,1939.84137352363,1931.0,10.408947510461
4611,1929.62060674066,1921.0,10.4254246924487
21355,1986.27116277742,1976.0,10.4481308761323
10828,1935.56294109626,1946.0,10.4590463988406
uc2.ark+=13960=t3125st2r,1927.00501792182,1917.0,10.4788726107781
21611,1968.70685160678,1979.0,10.4854317622111
nyp.33433075818611,1869.93996632584,1876.0,10.4912389658938
20750,1959.38792320783,1967.0,10.5005172923873
nyp.33433074941562,1915.09978342906,1906.0,10.5061790616408
21851,1970.70997658306,1981.0,10.5106469561564
22340,1975.55604239439,1985.0,10.5190747490218
20218,1966.09308853832,1956.0,10.5221425639754
11349,1940.54768931447,1931.0,10.5502037781653
mdp.39015063967478,1830.44914929585,1820.0,10.5668274043888
NottingHM,1871.93802145335,1863.0,10.567024572284
njp.32101067344661,1860.4125959671,1871.0,10.6361292382819
uc2.ark+=13960=t5t728t8q,1788.41338465168,1796.0,10.6408542761757
mdp.39015035566440,1867.81951919818,1878.0,10.6466517518496
22530,1975.72597917532,1986.0,10.7056007643291
mdp.39015063559390,1873.46991944106,1882.0,10.7099684300502
10661,1952.59956721536,1942.0,10.7202385927444
22732,1976.47008917499,1987.0,10.7262414083523
dul1.ark+=13960=t80k32x0x,1909.41727863794,1899.0,10.7540521427937
20102,1946.5618432725,1953.0,10.7893187878853
10835,1955.78397676395,1946.0,10.797734670371
wu.89100297621,1840.80656045727,1830.0,10.8093424136
11203,1919.10665344994,1927.0,10.8096937710341
mdp.39076002194368,1931.58142687476,1921.0,10.8169316509735
uiuo.ark+=13960=t7pn9mm7s,1855.41750424727,1858.0,10.8779358140022
21304,1986.22820202839,1976.0,10.9035275041754
DinesenGothicTales1934,1923.98057283202,1934.0,10.9057227771917
njp.32101068601341,1853.67368978534,1843.0,10.9367883998422
nyp.33433074874748,1806.58910844489,1796.0,10.9527544518142
uc2.ark+=13960=t2h70dm6b,1907.41588217638,1918.0,10.9551889507622
11148,1935.91296990359,1925.0,11.0289496398359
uiuo.ark+=13960=t00z7jj1c,1813.05859897999,1823.0,11.0383410644649
uc1.b4101364,1872.82339375337,1863.0,11.0709661906071
20471,1972.0381052831,1961.0,11.0920984996615
nyp.33433074939723,1898.63758139764,1888.0,11.0924373461147
uiuo.ark+=13960=t8pc3d497,1860.08231983533,1849.0,11.130524543329
20723,1977.08518786675,1966.0,11.1794269347888
10269,1922.69388854153,1927.0,11.1925776367239
uc1.b4105459,1905.03565109651,1894.0,11.2082595768039
11073,1934.0706588907,1942.0,11.224641100622
10235,1936.06853970407,1925.0,11.238061105631
ucm.5324200594,1831.24050752755,1821.0,11.2551117333894
10362,1936.16966707997,1931.0,11.3399852663887
uc1.b4104774,1883.65399244603,1895.0,11.357504084961
20352,1946.61153778228,1958.0,11.4294019554722
nyp.33433074911771,1788.45108700592,1799.0,11.4468484396259
11018,1911.60908450909,1923.0,11.4885195951633
uc1.b3325448,1901.3346647715,1890.0,11.491552060866
20737,1978.48145188614,1967.0,11.5076380817316
njp.32101068177102,1812.38683106019,1801.0,11.5118816279624
11004,1960.24856720464,1950.0,11.576554830703
10986,1938.67062707002,1950.0,11.5927295409792
21552,1966.45009311171,1978.0,11.6929898825496
10700,1931.7257758079,1943.0,11.7171618160693
23165,1977.27308857852,1989.0,11.741274431882
nyp.33433074807342,1906.8566903768,1918.0,11.7488146058177
nyp.33433082251855,1907.42898906368,1919.0,11.7794581157626
23062,1977.23779511636,1989.0,11.7910136697708
dul1.ark+=13960=t9n30pf1s,1830.85610640573,1840.0,11.8073474564872
mdp.39015030307881,1878.46378311215,1867.0,11.8302237040524
21356,1964.26062601918,1976.0,11.8312072634972
21043,1960.40565844733,1972.0,11.8341460114132
20450,1972.43148853867,1961.0,11.8432596974398
uc2.ark+=13960=t7tm74c51,1892.61230625874,1904.0,11.8871025667057
nyp.33433079897819,1880.30817185437,1892.0,11.9694098273257
10337,1941.8640204229,1930.0,11.9982944330905
uva.x000498882,1805.87279845938,1794.0,12.0024207905324
11664,1928.76498485894,1940.0,12.0297690027532
11860,1935.94702002174,1948.0,12.0668834533368
21417,1964.98593346507,1977.0,12.072671089251
mdp.39015031332862,1924.93728418856,1913.0,12.0730403839488
11396,1944.92135060169,1933.0,12.0732987547244
uiuo.ark+=13960=t1ng5958h,1811.17142663114,1823.0,12.0874021251832
20222,1967.89250332309,1956.0,12.106314130292
uc2.ark+=13960=t5db7zr5v,1890.23073556972,1879.0,12.1464920547301
11109,1934.99363039765,1923.0,12.152875815005
nyp.33433074919402,1829.21520562945,1840.0,12.1686343090854
10778,1955.86173018279,1945.0,12.2040989297444
10793,1936.33525470891,1945.0,12.2134628408983
nyp.33433075843544,1879.97155109068,1892.0,12.2897124897682
20480,1971.53564620211,1962.0,12.2990692228788
22748,1974.99810241611,1987.0,12.3528810068361
22029,1994.20529416164,1982.0,12.3676799131226
mdp.39015085351131,1912.6834893857,1922.0,12.370318905703
20899,1958.2008331822,1970.0,12.3729719023524
23139,1976.74439491053,1989.0,12.4116844743156
22678,1974.64440444699,1987.0,12.4153990745362
20649,1952.67456889813,1965.0,12.4868463126453
21443,1964.57407567055,1977.0,12.5692687604566
nyp.33433082332010,1918.18871833178,1907.0,12.5708720098301
22492,1998.48483905933,1986.0,12.5786030719653
20533,1951.03092189515,1963.0,12.5804684879559
20734,1954.56277007383,1967.0,12.6060406132165
20417,1972.51380395779,1960.0,12.6135827074206
mdp.39015083943665,1901.69679323487,1913.0,12.6340889935667
nyp.33433082524822,1928.40725755049,1920.0,12.6665736689406
nyp.33433074954748,1865.6129596784,1853.0,12.6809055940425
20374,1946.76213438147,1959.0,12.7041108906279
20433,1972.3560889692,1960.0,12.728233993061
nyp.33433075968796,1898.29688323002,1910.0,12.7548828659546
20070,1964.76258486221,1952.0,12.7908485841552
hvd.hw3q0s,1773.43814811931,1761.0,12.8420130798026
10460,1946.80522923345,1934.0,12.8672249599859
wu.89069113231,1910.83742208307,1898.0,12.8742197539896
4529,1932.89393558115,1921.0,12.9152371090359
uc2.ark+=13960=t82j6cs08,1794.55782401603,1807.0,12.9267390978446
11123,1911.33826419203,1924.0,12.9594053779129
10688,1954.9003420045,1942.0,12.9641809420928
21142,1960.17793356831,1973.0,12.9771842132882
11593,1951.01079410632,1939.0,12.9789011649453
11462,1922.26703015196,1935.0,12.989637317987
11061,1950.53240193121,1938.0,12.9963759544642
4708,1934.823825037,1922.0,13.0018088546658
20563,1950.41540902159,1963.0,13.0415030814632
mdp.49015001286492,1866.01870718419,1853.0,13.0607620228773
uc1.b3324205,1918.9323061078,1906.0,13.07932282164
uc2.ark+=13960=t1sf2p11n,1877.64681340298,1867.0,13.1451115293711
11298,1917.70091273742,1930.0,13.1549055975949
dul1.ark+=13960=t1qf9cr59,1892.84772308865,1906.0,13.1841404616649
4463,1907.39679902187,1920.0,13.1858588624407
nyp.33433076076144,1903.42315085296,1916.0,13.223918132915
uc2.ark+=13960=t9862rx2r,1871.09572247079,1858.0,13.2284924719922
11255,1916.01711994332,1929.0,13.2359617774857
nyp.33433074876388,1912.1771474317,1899.0,13.237469044955
11681,1927.96930590454,1941.0,13.2469288389415
uc2.ark+=13960=t8ff3s14j,1845.23705759267,1832.0,13.2485087077588
21179,1960.77268777823,1974.0,13.2663707204182
22107,1969.90017349284,1983.0,13.2735943478213
21920,1970.79714168743,1982.0,13.3111894965069
10827,1957.91676437051,1946.0,13.3397419087863
20655,1959.77958019919,1965.0,13.3622643618375
21967,1968.63503656283,1982.0,13.3814993105855
20114,1966.24074070203,1953.0,13.3818911747072
22609,1973.57919562185,1987.0,13.5047398068313
20414,1973.55020465614,1960.0,13.5529850384781
mdp.39015063994266,1845.42966061147,1832.0,13.7003951783061
nyp.33433075737753,1903.66609925937,1890.0,13.7394369313676
hvd.32044020321865,1842.73460380043,1829.0,13.77291664771
23126,1976.13401905886,1989.0,13.8162926993445
20772,1954.29218647862,1968.0,13.8308441971691
10531,1948.63089562277,1937.0,13.8382808942654
20026,1964.85452970056,1951.0,13.870447395371
10542,1924.25210047925,1938.0,13.915256016887
10377,1945.87379402788,1932.0,13.9223886025698
uc1.b3290572,1813.34040808236,1827.0,14.0028605898377
21211,1960.0062909599,1974.0,14.0118955171511
21335,1962.1458255807,1976.0,14.0333592609396
uc1.$b813836,1866.95597248881,1881.0,14.0878732379697
10435,1948.02729464329,1934.0,14.1004295694062
nyp.33433076073893,1908.18785849582,1922.0,14.190761574333
uiuo.ark+=13960=t3xs6cp6m,1816.24560874538,1803.0,14.2022747813774
22803,1977.78539155242,1987.0,14.2255456448193
20942,1957.83066747276,1971.0,14.2407111407202
11364,1944.81461686365,1932.0,14.2935105780945
21999,1967.69584185482,1982.0,14.3720778300452
23487,1942.67837575093,1957.0,14.4081715629227
mdp.39015021039998,1834.40714150667,1820.0,14.4302180192382
uc1.b4095602,1899.24155725434,1913.0,14.472436063337
20481,1975.50804707144,1962.0,14.4740712415366
uc1.b3578940,1920.49639340543,1906.0,14.5010106836118
10874,1932.52237241231,1947.0,14.5069691907691
21864,1966.48612504801,1981.0,14.5138749519913
20592,1949.9917906962,1964.0,14.5252487377345
20205,1940.45777181878,1955.0,14.546408491271
22708,1972.42194614579,1987.0,14.5780538542144
uc1.32106001930137,1925.69351544228,1911.0,14.7177623684427
uc1.b3728033,1901.4745028357,1916.0,14.7384165681616
11100,1943.84748214085,1929.0,14.8474821408507
mdp.39015063759552,1801.1885305483,1816.0,14.8497517976107
StokerDracula1897,1911.83461224553,1897.0,14.9247099021383
20855,1954.09451028027,1969.0,14.9296132438895
20919,1955.06033016916,1970.0,14.9396698308447
uiuo.ark+=13960=t3223k32d,1882.93634154292,1868.0,14.9759047311681
20572,1978.95347281937,1964.0,15.0260591667851
21565,1962.9653069306,1978.0,15.0364364093702
uc2.ark+=13960=t1bk18j97,1913.60378512655,1914.0,15.0541583005817
uc2.ark+=13960=t0bv79z1x,1859.88124911586,1845.0,15.0655371681211
uc1.b248234,1818.03285578198,1803.0,15.0820471303464
uc1.b3575696,1841.04141569963,1826.0,15.107890099518
4748,1936.92392983016,1922.0,15.126941681939
mdp.39015003931113,1814.16748382895,1799.0,15.1674838289471
11896,1933.808969692,1949.0,15.2107938388285
nyp.33433074866686,1903.29653972628,1888.0,15.2965397262819
uiuo.ark+=13960=t5z615j7x,1826.96413681334,1812.0,15.3089621352977
10380,1947.20997693164,1932.0,15.423888674787
uc2.ark+=13960=t9668pw05,1878.58711476927,1894.0,15.4730230674827
21288,1963.42737130329,1975.0,15.4931417597833
RedThumbMark,1922.41613437353,1907.0,15.5066114665596
mdp.39015039369650,1800.20213801265,1785.0,15.5140948578515
20982,1986.51016592184,1971.0,15.5411677147399
nyp.33433074864889,1872.4598960037,1888.0,15.5546081351964
mdp.39015004880715,1856.59132336878,1841.0,15.5913233687759
uc1.b244810,1882.47564262134,1898.0,15.607756376507
uc2.ark+=13960=t23b5ww6x,1906.38854075368,1922.0,15.6114592463161
20350,1942.38753265909,1958.0,15.6471482227327
21187,1958.35139635115,1974.0,15.6486036488569
10301,1944.67438756421,1929.0,15.6743875642131
22628,1971.28646801535,1987.0,15.7157181095329
21603,1994.69901907735,1979.0,15.7254314673952
10090,1946.55169043318,1931.0,15.7353696137125
11882,1964.71090555127,1949.0,15.7415638147389
10514,1952.75316208416,1937.0,15.7531620841638
11591,1922.64265129957,1938.0,15.76249845068
njp.32101038161780,1819.65478793562,1816.0,15.8588767347801
uiuo.ark+=13960=t9f481w8n,1793.1200686558,1809.0,15.8932649885083
JacksonHillHouse1959,1943.49287218565,1959.0,15.8933844217699
20496,1977.9631740994,1962.0,15.9631740993995
23507,1946.07126709608,1962.0,15.9755564974899
21028,1956.58041591303,1972.0,15.9798912645164
njp.32101013621246,1902.72870777779,1887.0,16.0197151726105
10359,1946.81865877515,1931.0,16.1404203556544
uva.x000459624,1880.79279770653,1897.0,16.2072022934652
uc2.ark+=13960=t1pg1k81k,1902.82680406651,1919.0,16.2078723960402
uc1.b4104961,1904.23181109295,1888.0,16.2318412873556
uiuo.ark+=13960=t44q88m18,1844.28592112333,1828.0,16.2859211233307
uva.x030743237,1896.27162584298,1880.0,16.3234488291493
uc2.ark+=13960=t2r49vz0v,1867.3164074277,1851.0,16.3810408400747
22054,1966.67757972527,1983.0,16.3920940804384
nyp.33433076060080,1893.65678514894,1910.0,16.4491093608647
uiuo.ark+=13960=t2988vx2b,1785.65157967456,1802.0,16.4598609705785
nyp.33433074929393,1881.47200752483,1865.0,16.498720622944
10765,1961.43651044342,1945.0,16.5055988506643
20075,1968.47607680017,1952.0,16.5063031005761
mdp.39015002753815,1904.43283392215,1921.0,16.5671660778477
mdp.39015021250124,1810.62747615431,1794.0,16.6812367638805
11730,1926.35081004795,1943.0,16.686853214
mdp.39076006220961,1863.78427221395,1847.0,16.7892995900396
uc1.b254212,1907.83232514071,1891.0,16.8592338615603
22133,1966.07781778792,1983.0,16.9221822120854
20021,1967.9519633537,1951.0,16.9575388692485
10181,1948.80709437724,1946.0,17.0501287087637
nnc1.1002330709,1811.06044083846,1794.0,17.0618641453498
23516,1947.91778634196,1965.0,17.0822136580396
10723,1959.85195252236,1943.0,17.0967476159624
nyp.33433075746812,1902.88939882639,1920.0,17.1306789492074
10917,1930.87938446869,1948.0,17.135964318082
uva.x030832557,1897.15373072725,1880.0,17.1537307272476
22741,1969.81089595816,1987.0,17.236645529791
11803,1928.61247650567,1946.0,17.3929151537034
uc1.32106001980371,1903.66172412423,1905.0,17.4090398046451
PoePurloinedLetter1845,1860.6313206067,1845.0,17.4594963933252
20684,1983.45063528432,1966.0,17.4902193664738
njp.32101068177094,1818.53572912642,1801.0,17.54479655278
23200,1971.49615885855,1989.0,17.5966381538293
mdp.39076006220979,1864.53387493179,1847.0,17.6014049606103
20106,1970.48901773898,1953.0,17.6297650581718
nyp.33433074870266,1841.36768375589,1859.0,17.6335168657823
coo.31924014157121,1908.32310206885,1891.0,17.6374108420182
nyp.33433082168877,1857.47276673015,1875.0,17.6684084089506
uc2.ark+=13960=t10p0xs0f,1890.32676411121,1908.0,17.7392287313166
22332,1967.22348750186,1985.0,17.8197982575392
nnc1.1002365251,1823.109788491,1841.0,17.9066890377481
uc2.ark+=13960=t7hq42c97,1861.77293475547,1844.0,17.9423750713493
uc2.ark+=13960=t83j39v3z,1927.0405939947,1909.0,18.0405939947023
10008,1941.04539731551,1923.0,18.0453973155065
nyp.33433074937438,1850.03899840201,1832.0,18.0461260749924
wu.89099780959,1883.06254908614,1865.0,18.0656341647626
10911,1966.06633668446,1948.0,18.0663366844617
uc1.b250128,1882.05622880672,1864.0,18.0729955054662
mdp.39015013429249,1900.80022130961,1919.0,18.2292595578293
20671,1947.5498738526,1966.0,18.6697418553199
20485,1943.25740324852,1962.0,18.7425967514786
nyp.33433076056781,1909.74370116904,1891.0,18.7437011690354
uc2.ark+=13960=t3xs5jt7k,1929.69775525151,1911.0,18.7872265331622
10829,1927.10203049795,1946.0,18.8979695020459
10312,1947.89075832189,1929.0,18.9012257684007
uc1.b3123600,1896.3868353932,1913.0,18.964661552446
10108,1914.06136143415,1933.0,18.9710215004479
RecollectionsAD,1877.98619342721,1859.0,19.0044671815984
uc2.ark+=13960=t3222sk2s,1893.98078094422,1913.0,19.0192190557816
20694,1985.12620062212,1966.0,19.1297874987788
20049,1971.21550191194,1952.0,19.233467740443
uc2.ark+=13960=t70v8bj6k,1902.76427790388,1922.0,19.2357220961226
10250,1945.12851991106,1926.0,19.2428787484606
11022,1944.21238951385,1925.0,19.3243323734036
nyp.33433074954979,1782.68947591516,1802.0,19.3419275138318
23537,1950.61691626959,1970.0,19.3922491159678
23531,1949.55621718173,1969.0,19.4437828182671
10746,1963.50915668307,1944.0,19.5188409077348
20371,1939.45277702801,1959.0,19.5494199643908
LindsayVoyageToArcturus1920,1939.59972916696,1920.0,19.5997291669606
uc1.b248744,1862.63817731339,1843.0,19.6381773133939
Derleth1948,1967.40480356043,1948.0,19.7513038554005
PoeMysteryMarieRoget1842,1861.93946725594,1842.0,19.9805846254756
20151,1974.17731406346,1954.0,20.1961072689489
4497,1940.19657911749,1920.0,20.1980291320546
nyp.33433068179716,1926.21106028345,1906.0,20.2693096176869
uc2.ark+=13960=t7pn9035n,1897.85925108499,1918.0,20.3108250670121
nyp.33433074968417,1901.30706596354,1922.0,20.6966700062215
PoeRueMorgue1841,1861.71987704889,1841.0,20.7225631987104
nyp.33433074954656,1922.83902666704,1902.0,20.8390266670439
11384,1952.84065899488,1932.0,20.8449693031148
23092,1968.11184381932,1989.0,20.8881561806778
njp.32101021206436,1921.90335471526,1901.0,20.903354715265
nyp.33433082514187,1827.01174262096,1848.0,20.9882573790412
nyp.33433082514302,1898.93541911039,1920.0,21.0645808896093
uc2.ark+=13960=t2h70nx9q,1879.14615893227,1858.0,21.1461589322694
EllisSteamManPrairies1868,1889.27911489961,1868.0,21.2791148996075
22723,1965.55826007565,1987.0,21.4417399243498
21749,1958.54010417974,1980.0,21.4598958202587
10330,1951.50364560058,1930.0,21.5170172900179
10490,1957.6986881392,1936.0,21.7135158264466
uc1.b3324210,1874.7158526278,1853.0,21.7158526278065
verajelihovskygeneralswill,1901.03300247796,1880.0,21.7427683970088
10983,1971.77380707435,1950.0,21.7738070743484
uva.x000429691,1891.17412313091,1913.0,21.8258768690932
11606,1916.96690483223,1939.0,22.0330951677724
nyp.33433081585105,1854.16128031527,1832.0,22.1612803152681
nyp.33433074878889,1859.43596479907,1837.0,22.4359647990696
22375,1962.43520852244,1985.0,22.5654489611314
20665,1942.39217331887,1965.0,22.607826681133
10216,1946.18205400566,1924.0,22.6300773322274
21116,1950.35131461775,1973.0,22.7287537831282
23075,2011.90343490462,1989.0,22.9034349046197
njp.32101067641678,1901.11094978784,1878.0,23.1109497878403
11724,1966.26043696051,1943.0,23.2677321487961
mdp.39015051156498,1849.3296967465,1826.0,23.3296967464961
uc1.b3324403,1883.37388382132,1860.0,23.3738838213169
mdp.39015063931474,1817.63457953447,1794.0,23.6345795344737
njp.32101067645505,1859.65230170396,1836.0,23.6523017039597
mdp.39015030365178,1879.24307344056,1903.0,23.7972885426432
11339,1954.85928540656,1931.0,23.8592854065595
nyp.33433068179559,1894.08362995895,1918.0,23.9163700410506
nnc1.cu01664417,1875.86079751544,1900.0,24.1392024845668
mdp.39015085433426,1936.43963826881,1913.0,24.2328137878852
nyp.33433075840177,1784.19373255663,1760.0,24.259998190633
nnc1.0111708131,1863.73942253927,1888.0,24.2605774607289
20290,1932.57797823913,1957.0,24.4550313656956
mdp.39015002313487,1861.47457473117,1837.0,24.4745747311674
uiuo.ark+=13960=t3vt1zh5r,1822.89132703974,1847.0,24.8148348775158
uc2.ark+=13960=t9f47kt3k,1871.85151423625,1847.0,24.851514236253
uc2.ark+=13960=t1td9p949,1801.93875335873,1777.0,24.9803358824206
22904,1962.8460330144,1988.0,25.1539669855936
uiuo.ark+=13960=t9h41nx14,1811.42770895033,1786.0,25.4296431391059
uc2.ark+=13960=t44q7rc7f,1899.48740108918,1874.0,25.49616812028
4485,1945.52237258837,1920.0,25.5223725883701
10621,1965.63412753479,1940.0,25.6341275347907
uc1.b249543,1872.25908518136,1898.0,25.808058498479
21362,1950.11704523683,1976.0,25.8829547631737
inu.30000118528748,1887.03671958775,1913.0,25.9632804122539
10834,1972.25082685426,1946.0,26.2508268542621
11903,1923.66241217097,1950.0,26.3375878290326
20837,1942.64592202604,1969.0,26.3540779739598
palmarinishadows,1922.37271513719,1896.0,26.4015194827593
20709,1992.63377576619,1966.0,26.6337757661929
mdp.39076002621501,1878.31284874008,1905.0,26.6871512599209
11575,1964.72871969577,1938.0,26.7287196957702
mdp.39015023189999,1773.02392114603,1800.0,26.9760788539754
11081,1916.91748624133,1944.0,27.0825137586744
4605,1948.52793761531,1921.0,27.5399956078263
nyp.33433074949615,1887.38724910776,1915.0,27.62605442919
10923,1975.74167304129,1948.0,27.7416730412867
mdp.39015033367668,1819.22947190315,1791.0,28.2294719031459
uc1.31822038205001,1866.23975439674,1838.0,28.239754396739
uc1.32106002123104,1893.68173495985,1922.0,28.318265040154
hvd.hn6nee,1808.33376392325,1780.0,28.3337639232473
uc2.ark+=13960=t9c53g45j,1893.44686009133,1922.0,28.5531399086724
mdp.39015021040004,1848.75512214454,1820.0,28.755122144541
nyp.33433074870282,1878.15260177531,1907.0,28.8473982246855
11472,1963.99011315283,1935.0,29.3325474287199
22685,1956.89179707966,1987.0,30.1082029203335
20544,1932.3071219588,1963.0,30.6928780411979
10494,1967.21423610007,1936.0,31.2142361000683
nyp.33433074918784,1821.34557629291,1790.0,31.3455762929135
4730,1953.50259194651,1922.0,31.5204896625622
hvd.hwjtfk,1855.56880398227,1824.0,31.5688039822701
20898,2001.69022273085,1970.0,31.6902227308504
dostoevskypunishment,1897.82844186995,1866.0,31.8284418699523
mdp.39015063096088,1954.62256974914,1922.0,32.6225697491348
nnc1.0040976017,1855.21720426454,1888.0,32.7827957354598
20819,1935.86075858097,1969.0,33.1392414190276
nnc1.0040976025,1854.5446725924,1888.0,33.4553274075996
mdp.39015005076883,1832.34461085815,1798.0,34.4442506285013
10922,1913.06564149398,1948.0,34.934358506013
njp.32101067301786,1887.00182998907,1922.0,34.9981700109288
23601,1951.10697003822,1987.0,35.8930299617849
uc2.ark+=13960=t93776z9n,1885.86757046514,1922.0,36.1324295348549
uva.x000960744,1856.15875701097,1820.0,36.1587570109678
22878,1950.9274973527,1988.0,37.0725026473049
20390,1921.44829985386,1959.0,37.5517001461383
nyp.33433081958500,1808.56180500391,1771.0,37.5618050039126
uc1.31822033251729,1884.42676582259,1922.0,37.5770798617473
ien.35556027278860,1873.92592411204,1912.0,38.0740758879547
11900,1910.88935494971,1949.0,38.1106450502888
4514,1882.1107650444,1921.0,38.9735111213918
vergacastleoftrezza,1916.31366822454,1877.0,39.3136682245398
mdp.39015078572263,1819.7576812768,1780.0,39.7576812767985
uc2.ark+=13960=t9s17v81t,1869.14452302972,1909.0,39.9241472475375
nnc1.0022035958,1847.9852245015,1888.0,40.0147754984986
njp.32101067487007,1804.38252388879,1764.0,40.3825238887881
uc1.b3575698,1866.59004336751,1826.0,40.5900433675071
4449,1879.32794929151,1920.0,40.6720507084912
uc2.ark+=13960=t0pr7n71q,1865.09837524843,1909.0,43.9016247515664
21519,1931.68011104971,1978.0,46.3198889502933
11074,1895.13820916364,1942.0,46.8617908363565
mdp.39076002194574,1952.21886604974,1911.0,46.9276225765401
11358,1878.73166323775,1932.0,53.2683367622516
spielhagenskeleton,1926.05404199089,1871.0,55.0540419908896
20956,1894.53314749859,1971.0,76.46685250141
lovecraft_whisperer,1899.70452826255,0.0,1899.70452826255
lovecraft_early,1902.06955025637,0.0,1902.06955025637
lovecraft_ward,1904.54585778335,0.0,1904.54585778335
lovecraft_1920s_c,1910.5099214861,0.0,1910.5099214861
lovecraft_shadow,1912.93516253138,0.0,1912.93516253138
lovecraft_1920s_a,1913.69422944802,0.0,1913.69422944802
lovecraft_1920s_b,1913.74280495825,0.0,1913.74280495825
lovecraft_innsmouth,1930.63420802414,0.0,1930.63420802414
lovecraft_mountains,1930.69389796571,0.0,1930.69389796571
lovecraft_late,1931.76905341636,0.0,1931.76905341636
lovecraft_reanimator,1943.46990611232,0.0,1943.46990611232
