doc_id,walker_ratio_no_set,walker_ratio_set
nyp.33433075840177,0.520074240500147,0.691336971350614
hvd.hw3q0s,0.563679280742111,0.534792206545734
njp.32101067487007,0.517907043972634,0.612971391417425
nyp.33433081958500,0.526105033829915,0.465105908584169
nyp.33433074955331,0.570318530334997,0.677268475210477
uc2.ark+=13960=t1td9p949,0.549500483403158,0.632555094915994
hvd.hn6nee,0.552978444509176,0.645324651835775
mdp.39015078572263,0.534012753042074,0.551311475409836
mdp.39015024230610,0.533192782898608,0.593366357958217
mdp.39015039369650,0.563845895020188,0.627738306690349
dul1.ark+=13960=t3vt2js1t,0.520438847478632,0.502100840336134
uiuo.ark+=13960=t9h41nx14,0.500315831030399,0.646459500764136
dul1.ark+=13960=t6834qb4k,0.489595872742906,0.569942196531792
nyp.33433074911532,0.512833406667086,0.574715991843868
nyp.33433074911508,0.532413928653323,0.649871566884015
nyp.33433074918784,0.557202176403207,0.690311031550683
nyp.33433074955091,0.537815905402272,0.665505226480836
njp.32101074629542,0.534764952005907,0.574260492488772
nyp.33433074955109,0.541898962175144,0.678540017590149
njp.32101066479765,0.544119951935636,0.644847605224964
mdp.39015033367668,0.518960110843725,0.591721920835845
nnc1.cu58506756,0.524574181981174,0.518450523223793
uva.x000498882,0.57592766585726,0.641501775748351
nnc1.1002330709,0.504920104721495,0.654286598576292
mdp.39015021250124,0.516003377211498,0.608479455639885
njp.32101051650776,0.522194934765925,0.598500423267626
mdp.39015063950102,0.492489655563323,0.630259623992838
mdp.39015063931474,0.559276053172112,0.668740573152338
nnc1.0037104152,0.552123180560568,0.635490605427975
nyp.33433074874300,0.496960377628379,0.565906210392902
njp.32101062743727,0.546938999414862,0.638177874186551
uc2.ark+=13960=t5t728t8q,0.503874928064454,0.584148355137813
nyp.33433074874748,0.512541423067597,0.56227610912097
mdp.39015005076883,0.552011258355811,0.644521138912856
mdp.39015003931113,0.583237230757784,0.634766649187205
nyp.33433074911771,0.52108597803962,0.56206652512385
mdp.39015023189999,0.516679976300265,0.533459895586141
nyp.33433051569915,0.498740554156171,0.643054669219315
njp.32101068177102,0.492272727272727,0.669641161951775
njp.32101068177094,0.517407271391847,0.630241648898365
uiuo.ark+=13960=t0ns19n7m,0.514353645649877,0.565739570164349
uiuo.ark+=13960=t2988vx2b,0.552231718898386,0.6994915707787
nyp.33433074954979,0.519288210994598,0.65492341356674
uc1.b250120,0.512548941775075,0.523650412446486
uiuo.ark+=13960=t8w95tz11,0.539029396186441,0.537933008874893
uiuo.ark+=13960=t8nc69j1b,0.52651031695384,0.626069373152901
uc1.b248234,0.584879948085659,0.653368519093449
nyp.33433074951611,0.520294616362866,0.636450079239303
hvd.hwkdax,0.494548304557295,0.563623462630085
uiuo.ark+=13960=t1gh9v49g,0.516898890433894,0.619981612013485
uiuo.ark+=13960=t6xw4rw1j,0.510572155969449,0.619674185463659
uiuo.ark+=13960=t3xs6cp6m,0.473343443770415,0.578177458033573
uiuo.ark+=13960=t86h4xr9x,0.505109426892617,0.609963806685118
dul1.ark+=13960=t3dz14r97,0.472268588770865,0.557973478408704
nyp.33433067303937,0.532575454533724,0.584291187739464
njp.32101037977574,0.521744627054362,0.605874616396317
uiuo.ark+=13960=t18k7vt5k,0.514966995855293,0.659305993690852
uc2.ark+=13960=t82j6cs08,0.491101461684301,0.518134715025907
dul1.ark+=13960=t0tq6sw6t,0.483587232499093,0.576830398517145
nyp.33433074915970,0.558280044101433,0.638537449392713
uiuo.ark+=13960=t9f481w8n,0.509782826261009,0.529250814332248
uiuo.ark+=13960=t7br98r5d,0.470270436197317,0.584541949697081
uiuo.ark+=13960=t6251zn27,0.492604783849023,0.578082894905685
uiuo.ark+=13960=t5z615j7x,0.504247340629066,0.58297449486585
uiuo.ark+=13960=t95723s7x,0.555693316801984,0.655487236817589
uiuo.ark+=13960=t09w1328x,0.562964165415365,0.634950461223095
njp.32101013133523,0.537077363896848,0.582582582582583
njp.32101038161780,0.542239732005945,0.654767496477219
mdp.39015063759552,0.525639932468153,0.615169794459339
uc1.31158008377706,0.527022660257705,0.594469357249626
uiuo.ark+=13960=t2b85z60c,0.530511546723953,0.616286118407759
uc1.b287473,0.539972937926369,0.639716840536513
mdp.39015063556271,0.545344185404883,0.62304115722404
mdp.39015004200997,0.568060517842177,0.668782458165032
uiuo.ark+=13960=t4km00443,0.53276455980133,0.637032085561497
uiuo.ark+=13960=t3jw90j80,0.535598653630389,0.648029477731496
uiuo.ark+=13960=t6zw24n6x,0.522443706164636,0.643280834526488
uiuo.ark+=13960=t09w14g77,0.513160303107955,0.63042588042588
mdp.39015021039998,0.541848133097655,0.628222996515679
mdp.39015063967478,0.570002739833262,0.676154672395274
uiuo.ark+=13960=t1rf6b61z,0.52681435824892,0.62234395750332
uva.x000960744,0.580741245053402,0.65142210730446
mdp.39015021040004,0.531933399602386,0.651205692449598
mdp.39015021039980,0.535920772874781,0.640488447264456
uc1.b254212,0.564528494761053,0.638132996936385
ucm.5324200594,0.5228365101892,0.563356406272072
mdp.39015059372105,0.547741211846407,0.649427849606182
uiuo.ark+=13960=t00z7jj1c,0.539998317631225,0.668401040624375
uiuo.ark+=13960=t1ng5958h,0.527062283572886,0.63409257898604
hvd.hwjtfk,0.553216165581229,0.669417395609837
nyp.33433075768253,0.578402806683713,0.653380226651036
dul1.ark+=13960=t41r7h934,0.560002088391156,0.593414724380318
umn.31951002081141q,0.553353696085918,0.51533358969429
uiuo.ark+=13960=t8x92v101,0.57372210690192,0.638151137197359
uc1.b3575696,0.549120405052827,0.63579890205143
uc1.b3575698,0.516738831978034,0.61316437873988
mdp.39015051156498,0.492898484152503,0.624112559700529
nyp.33433074937610,0.552827478124592,0.647817836812144
uc1.b3290572,0.542607669616519,0.651813302976094
hvd.32044014279723,0.540210217550721,0.664748413752398
uiuo.ark+=13960=t15m6kw75,0.540893976211792,0.666090264568563
uiuo.ark+=13960=t44q88m18,0.536517992904207,0.656957928802589
hvd.32044020321865,0.526254959888256,0.537538122120563
uc2.ark+=13960=t0ms3qz4m,0.518915671003675,0.610434574976122
wu.89100297621,0.532533460045933,0.568671271840715
uc2.ark+=13960=t3hx1bd9t,0.430988796429734,0.357517553062707
uc1.b316144,0.518508280929675,0.653092856136396
mdp.39015063994266,0.526751741497395,0.665404248312202
nyp.33433074937438,0.539625005593592,0.625084197763707
nyp.33433074937446,0.536880800289261,0.6272
nyp.33433081585105,0.560629053833789,0.575251392005319
njp.32101032308387,0.525062188043637,0.578116700811898
uc2.ark+=13960=t3rv0jp0n,0.533096280087527,0.653851270453638
nyp.33433074863691,0.567222948292618,0.642819637700184
uc2.ark+=13960=t8ff3s14j,0.508715139442231,0.518886450271457
uc2.ark+=13960=t1mg7hw3f,0.542374379633021,0.607890421529854
njp.32101067634046,0.546823253681153,0.642974787786646
uc2.ark+=13960=t4wh2p202,0.536931178827024,0.629638439581351
mdp.39015030996832,0.494986249916158,0.568052994604931
njp.32101067645505,0.565320510737841,0.6466065747614
hvd.hwjme4,0.5070645492666,0.571253929444638
mdp.39015002313487,0.572459736864065,0.618235238366032
nyp.33433074878889,0.490097759483605,0.508434828655723
mdp.39015000551799,0.489911925043957,0.568818409032147
umn.31951002096159c,0.518825615352524,0.610974106041924
uc1.31822038205001,0.588044496219649,0.618492051917748
nyp.33433074868807,0.563630095664914,0.669094219390077
uc1.b3326097,0.49987960924601,0.58335458641503
nyp.33433074919402,0.499241148621609,0.56423253603675
dul1.ark+=13960=t9n30pf1s,0.473909352685631,0.582005701827939
mdp.39015004880715,0.545984866162205,0.585838921335352
PoeRueMorgue1841,0.736052508204407,0.690355329949239
nnc1.1002365251,0.554361666480509,0.643212788259958
PoeMysteryMarieRoget1842,0.753578295236061,0.698979591836735
njp.32101068601341,0.565679335664915,0.611451730229658
njp.32101007059791,0.561002373236022,0.668813087365124
uc1.b248744,0.575456919060052,0.642810069856333
njp.32101075374379,0.528647043374614,0.528762253581816
uc2.ark+=13960=t7hq42c97,0.493938196348946,0.395230587307844
PoePurloinedLetter1845,0.737082066869301,0.71243842364532
uc2.ark+=13960=t0bv79z1x,0.570863253373647,0.623953789932807
mdp.39015006997806,0.496861924686192,0.655949137148047
uc1.32106010644463,0.525722918441011,0.472811766396781
mdp.39015004274992,0.548638853771597,0.59609465178915
mdp.39076006220961,0.517240356083086,0.599631751227496
nyp.33433074931118,0.498237281496352,0.617305883582401
uiuo.ark+=13960=t3vt1zh5r,0.57581644925525,0.641686182669789
nyp.33433082170576,0.558400184239819,0.679017857142857
uc2.ark+=13960=t9f47kt3k,0.576727365827119,0.667137809187279
mdp.39076006220979,0.515397423255363,0.604241472172352
nyp.33433082514187,0.547266552726788,0.591410936277493
nyp.33433074863782,0.540524093163922,0.656719022687609
uiuo.ark+=13960=t8pc3d497,0.53409505564678,0.632179054054054
inu.30000060903741,0.499296143330813,0.534123678308235
uiuo.ark+=13960=t2j683k08,0.5369425938027,0.285853334282933
uva.x000180089,0.549048140792988,0.641756988020536
uc2.ark+=13960=t8df6mw4h,0.537295719313562,0.633208255159475
nyp.33433022846707,0.540454992195178,0.617367004760919
uiuo.ark+=13960=t2s475w45,0.544188476917485,0.620719549198093
uc2.ark+=13960=t2r49vz0v,0.526317205385847,0.591745218266679
uc2.ark+=13960=t6154fk9b,0.530242831939643,0.628442340791738
mdp.49015001286492,0.524388006019011,0.565682176385938
uc1.b3324210,0.52652708940878,0.629026286560533
nyp.33433074954748,0.510360068811637,0.550272505168201
nyp.33433074920608,0.492317628662723,0.641253066616343
uc2.ark+=13960=t9862rx2r,0.58193428777423,0.666748406081413
uiuo.ark+=13960=t7pn9mm7s,0.483385401874467,0.642618570474282
uc2.ark+=13960=t2h70nx9q,0.581145867945127,0.663009404388715
RecollectionsAD,0.693964664310954,0.559663671964985
nyp.33433074870266,0.528128413642432,0.612467260345731
uiuo.ark+=13960=t9c53x809,0.513598894318574,0.61436447623305
uc1.b3324220,0.529580960443282,0.533380480905233
mdp.39015038723360,0.550004194712081,0.595432449784463
uc1.b3324403,0.560155266470835,0.598069375198897
njp.32101067187755,0.494030427464618,0.526529960903215
dul1.ark+=13960=t4jm31m6k,0.509964463110286,0.483328521939954
uc1.b4101364,0.523322584919829,0.657534246575342
uc2.ark+=13960=t3bz6dj56,0.504300453982666,0.542300582966017
NottingHM,0.750616856413142,0.677728441224585
uc2.ark+=13960=t5n87gd14,0.512199135167866,0.560441910192445
dul1.ark+=13960=t1qf9gh9b,0.525585529875551,0.435867249691669
uc1.b250128,0.501281112737921,0.628598395469561
uc1.b250127,0.514423454816988,0.637162382037097
uc1.b250129,0.505223001689795,0.624232887490165
nyp.33433074929393,0.577722165095333,0.619324934632755
uva.x000380956,0.519131158660665,0.595431903778399
uva.x000237148,0.51693394391598,0.474433081369498
wu.89099780959,0.546821105468211,0.510703152060963
nyp.33433076060874,0.56802219566033,0.547917832307569
uc1.32106006960592,0.507450545823215,0.641749595001157
nyp.33433074945779,0.547630239735126,0.601247969911958
uc2.ark+=13960=t9571nb3d,0.497237760721565,0.523793250747544
dostoevskypunishment,0.752420282986934,0.696757457846952
uiuo.ark+=13960=t42r4bj1d,0.540197413206263,0.644631669907107
mdp.39015030307881,0.501596717489979,0.604501925165367
njp.32101067630820,0.537034319377765,0.581001283697048
uc2.ark+=13960=t1sf2p11n,0.544935120414375,0.595476118347975
nyp.33433075833354,0.485908941665755,0.636187273667874
njp.32101068580768,0.510029554172169,0.63423517169615
uiuo.ark+=13960=t58d0ds3h,0.512260502724556,0.636916835699797
inu.30000007708815,0.547080176767677,0.609401349072513
uiuo.ark+=13960=t48p6974b,0.492655855376844,0.646491051679067
EllisSteamManPrairies1868,0.720714435219424,0.65145340939962
uiuo.ark+=13960=t3223k32d,0.601405215511417,0.622711267605634
mdp.39015004307362,0.535571057864051,0.618294235315512
nyp.33433074880075,0.530015292645628,0.613333333333333
spielhagenskeleton,0.719272727272727,0.675023877745941
uc1.b3386909,0.529369204116988,0.581800370088168
njp.32101067344661,0.532068429809805,0.556865106675843
uc2.ark+=13960=t6251m863,0.523285351397121,0.629931010083142
mdp.39015018606049,0.534954502015208,0.583986717092519
uva.x030223689,0.588390097616206,0.644553072625698
inu.30000007695723,0.542214509777748,0.622136587454507
njp.32101067707909,0.52289479914766,0.593852255825483
njp.32101031806142,0.534696036052607,0.646001615508885
uc2.ark+=13960=t9t14vb5t,0.546330838566165,0.649835558135036
uc2.ark+=13960=t44q7rc7f,0.508137329823668,0.632245951654541
nyp.33433075818801,0.529072353964167,0.645032735553658
uc2.ark+=13960=t53f4sg3b,0.479227819648288,0.478505990133897
nyp.33433082168877,0.501927353595256,0.676256718305406
njp.32101031806159,0.530862207896857,0.643000547545172
uiuo.ark+=13960=t1qf99m3q,0.545476693194738,0.601467772814295
uc1.b4101416,0.531866068634609,0.640050242239368
uc2.ark+=13960=t9474d81g,0.533590989399293,0.624007473143391
uc1.$b813705,0.549835362018573,0.590856880312428
uiuo.ark+=13960=t0ft97228,0.473984399027036,0.646548160396858
nyp.33433075818611,0.477702143902284,0.626001635322976
vergacastleoftrezza,0.734582000913659,0.702290076335878
mdp.39015010330341,0.732228589128078,0.675276752767528
njp.32101067641678,0.503755522827688,0.653933865450399
mdp.39015026244999,0.543311048810294,0.620527000650618
mdp.39015035566440,0.529696578437702,0.625226625226625
uc2.ark+=13960=t5db7zr5v,0.594317496481941,0.642012962256958
uc2.ark+=13960=t5bc3wr6q,0.52998621000197,0.618778486782133
uiuo.ark+=13960=t2697pf21,0.541619851690154,0.636926250644662
uva.x030743237,0.525736278447122,0.650247524752475
uc1.b3578701,0.571508581029724,0.650135606354126
dul1.ark+=13960=t3dz0xh78,0.587467314157639,0.617180312787489
verajelihovskygeneralswill,0.733836426677544,0.709367945823928
mdp.39015078569723,0.563012229135379,0.677386317083163
nyp.33433074818778,0.56803908731602,0.502230720203952
uva.x030832557,0.529973535841675,0.622068591568388
uc1.$b813836,0.516774761790376,0.570188525701885
mdp.39015062658789,0.415281038080334,0.522731201382887
mdp.39015063559390,0.598566308243728,0.731718898385565
uc1.b318291,0.499574442215332,0.653292629742695
uiuo.ark+=13960=t9474zg09,0.53023641642472,0.613697759415223
coo.31924013476498,0.546477743617164,0.607934054611025
mdp.39015000541717,0.571246948738812,0.659887943556755
uc2.ark+=13960=t5n874v29,0.501949171602069,0.60415709692237
uc2.ark+=13960=t1dj5cf2j,0.540420152892313,0.648765325505094
njp.32101063580268,0.46687778158165,0.604589972226283
uiuo.ark+=13960=t7cr65585,0.558952976604123,0.645217391304348
uc1.b117774,0.539120988814186,0.592820999367489
mdp.39015059642994,0.54499335668559,0.67783302800314
uc2.ark+=13960=t4bn9zk9h,0.511367820324006,0.577861484461947
inu.30000042783591,0.558328916301258,0.612593383137673
njp.32101013621246,0.76449930828988,0.668518518518519
uc1.b4107807,0.566869663385858,0.590407036203723
uc2.ark+=13960=t0js9hc64,0.507856563484428,0.622866675221353
uc2.ark+=13960=t0cv4hf87,0.533808425906519,0.644516129032258
dul1.ark+=13960=t3zs3df24,0.552117817583165,0.610131852879945
uc1.b4104961,0.543726985796949,0.616154759884609
nyp.33433074939723,0.572772662267607,0.671608181647589
uc2.ark+=13960=t1gh9jr4d,0.52905842043631,0.631251941596769
nnc1.0040976017,0.548961499493414,0.629722222222222
nnc1.0022035958,0.547819175838732,0.659217061057552
uva.x000674483,0.543682795698925,0.609228104898565
uva.x001307832,0.551519744498877,0.629124155293494
nyp.33433074866686,0.550897624858047,0.597444996451384
uc2.ark+=13960=t2h70dt42,0.537956960374391,0.636363636363636
dul1.ark+=13960=t66401k8k,0.576142508747747,0.592793014389374
nyp.33433075761720,0.494547236858228,0.668891537544696
uc2.ark+=13960=t4cn73z09,0.532360949047063,0.654689784833925
nyp.33433074864889,0.554243731853254,0.639829302987198
nnc1.0111708131,0.567618234023872,0.647713393947618
nnc1.0040976025,0.56879423414064,0.644988864142539
mdp.39015007007282,0.607834227028992,0.646805273833671
mdp.39015066036578,0.581192807834323,0.572289724027503
uc1.b3325448,0.540490988191423,0.620394839110835
mdp.39015066083661,0.537277316533856,0.640609137055838
nyp.33433075737753,0.514084316849866,0.642173080271635
mdp.39015012876820,0.538660110633067,0.645924082140635
nyp.33433039680552,0.543431354417114,0.609836765176571
coo.31924014157121,0.502587760956793,0.534494397191846
nyp.33433076056781,0.536729103837534,0.601570680628272
uc1.b3578934,0.578379120879121,0.630645608201718
uc1.$b382267,0.574818613278054,0.626320980696069
nyp.33433079897819,0.560252764612954,0.640689300411523
uc1.b4105364,0.528307599152286,0.62424341567152
njp.32101068138443,0.568098120722629,0.592944517256444
mdp.39015049217741,0.540143910721498,0.621635347892331
nyp.33433075843544,0.528988926202437,0.626070705497586
njp.32101013566920,0.571778607249994,0.615009380863039
nyp.33433075827018,0.580276625172891,0.610284367172536
nyp.33433075727168,0.541289782244556,0.635646958011997
uc2.ark+=13960=t45q4sn3p,0.583095342706503,0.669956668271546
uva.x000885514,0.577972127786573,0.629441624365482
uc1.b4105459,0.52218872315667,0.617652547116999
uc2.ark+=13960=t48p64044,0.561564889726255,0.635308127418875
nyp.33433075765705,0.552872522386558,0.609347442680776
nyp.33433082173273,0.552286909415072,0.677464788732394
uc2.ark+=13960=t9668pw05,0.494300518134715,0.624701195219123
mdp.39015063949229,0.534472188161855,0.612941738299905
inu.30000007703436,0.548586928631648,0.613201140839332
uc1.b4104774,0.530335385001884,0.592820945945946
uc2.ark+=13960=t17m0b23x,0.519772654498879,0.605600933488915
dul1.ark+=13960=t98637h6g,0.574033621426536,0.642109758701687
mdp.39015011950766,0.565475137143868,0.649446494464945
nyp.33433074897426,0.509977201682845,0.607991504048852
palmarinishadows,0.736584327086882,0.692538808212319
uva.x000459624,0.528664937631221,0.620144927536232
StokerDracula1897,0.770480431736519,0.61698092156644
nyp.33433074915269,0.525188358694046,0.622135460872517
uc1.b3578887,0.556056638541364,0.58041958041958
uc1.b249346,0.514321140731556,0.60286951813752
wu.89069113231,0.533099809338004,0.638899960143483
njp.32101076806486,0.576644870088536,0.66626936829559
uc1.b249543,0.552044570587617,0.625435804153403
JamesTurnOfScrew1898,0.777692644483363,0.685228331780056
uc1.b244810,0.54921245376381,0.567090723372644
nyp.33433074866413,0.505896180215475,0.54013525433696
uva.x000676502,0.539751781764561,0.608683890166374
uc1.b4104310,0.554428912870283,0.636883273164862
nyp.33433074876388,0.505808732742171,0.621209582844698
dul1.ark+=13960=t80k32x0x,0.536274152387896,0.593649617000247
nnc1.cu01664417,0.502599547372928,0.603174603174603
mdp.39076002720709,0.509508615188258,0.61779359430605
nyp.33433076024060,0.567442395650548,0.643632603825607
njp.32101021206436,0.749482462885195,0.621233258928571
11274,0.737243998903552,0.546450151057402
nyp.33433074954656,0.576247745039086,0.651659377411886
uc2.ark+=13960=t45q4tp5h,0.53439398479854,0.628657164291073
njp.32101063580995,0.727189046139685,0.628725988076838
inu.39000002156706,0.60532799152679,0.671594717129903
mdp.39015030365178,0.552987784747441,0.701977401129944
nyp.33433074850870,0.590500663408408,0.636087736239481
nyp.33433075763080,0.525307069247443,0.613143631436314
uc1.32106001959946,0.528629737609329,0.593814183883049
mdp.39015039487205,0.47387797311272,0.649214659685864
uc1.b4103074,0.549545543287273,0.595552999808319
uc2.ark+=13960=t7tm74c51,0.538543793136969,0.633928571428571
nyp.33433074850961,0.57909379006701,0.625851347349719
nyp.33433074857248,0.477388301768337,0.633826968043648
mdp.39076002621501,0.502437639040091,0.640730717185386
nyp.33433081593646,0.540498034076016,0.716182572614108
uc1.32106001980371,0.736190840668453,0.703936109526526
dul1.ark+=13960=t1qf9cr59,0.512123096052223,0.630439265828006
uc1.b3578940,0.581079782890629,0.634862991086167
nyp.33433074941562,0.479000984121074,0.620401634974231
nyp.33433068179716,0.567685788490454,0.650509074811864
uc1.b3324205,0.48561160346249,0.552994878646181
wu.89004395398,0.486642108651336,0.604529290660678
RedThumbMark,0.73587085398109,0.644654567637639
nyp.33433082332010,0.491150606656525,0.637326813365933
mdp.39015063941135,0.533757325694463,0.565677612935489
nyp.33433074870282,0.512661633538246,0.608852867830424
nyp.33433075766463,0.551893095768374,0.610797320373046
njp.32101066455278,0.549286001241737,0.6243301955105
uc2.ark+=13960=t10p0xs0f,0.522469599953005,0.60801282051282
uc2.ark+=13960=t3707xt9q,0.51451928808652,0.62125670763372
coo.31924013525971,0.545172257479601,0.598646461674268
uc2.ark+=13960=t9s17v81t,0.461530498693098,0.553336166595835
uc2.ark+=13960=t4qj79t1j,0.53749683303775,0.61887829319541
uc2.ark+=13960=t0pr7n71q,0.558430914975483,0.620889564721536
nyp.33433075746895,0.559359289138314,0.628647214854111
mdp.39015011950758,0.716781514972974,0.623830877642537
uc2.ark+=13960=t7hq41f5s,0.511024927282395,0.578923147722043
uc2.ark+=13960=t83j39v3z,0.512965550897274,0.59834278238116
uc2.ark+=13960=t40r9p16h,0.557938511268092,0.622694094226941
nyp.33433076060080,0.516747321736442,0.586557828898548
inu.30000011752437,0.512179557022118,0.594081272084806
mdp.39015006963881,0.483415988891093,0.630612244897959
nyp.33433074848668,0.532516586100945,0.61036157582299
njp.32101068574530,0.534952703069327,0.609233906204486
uva.x001752097,0.493005835368125,0.642411642411642
nyp.33433075968796,0.583460272222495,0.643241711533012
uc1.$b807274,0.518958057395143,0.52977192713914
nyp.33433076073786,0.511099271887764,0.640728476821192
uc2.ark+=13960=t5j961w9x,0.532130869749405,0.584491850431448
uc2.ark+=13960=t3pv6dr2h,0.505655024345359,0.599343784177907
uc2.ark+=13960=t3xs5jt7k,0.542006781363808,0.634152585765489
uc1.32106001930137,0.550630017739251,0.618184123763632
uc2.ark+=13960=t5v69m62h,0.516429870042421,0.534067796610169
uc1.b3578339,0.581142966178505,0.643042190969652
mdp.39076002194574,0.471723132002917,0.60180412371134
uc2.ark+=13960=t2794143s,0.595745738283386,0.62795891022778
uc2.ark+=13960=t6zw19x28,0.533787255909558,0.620314001922461
mdp.39015074379739,0.483611912669462,0.572446171280557
uc2.ark+=13960=t0xp6w75n,0.527724925251427,0.652852267186738
coo.31924051019580,0.540247909199522,0.571736785329018
mdp.39015001553547,0.542451420029895,0.627289377289377
ien.35556027278860,0.551909699435622,0.620070584624827
uc1.b4095602,0.513856194295177,0.60167605080529
uc1.b3123600,0.50159231477826,0.578889413245241
mdp.39015085433426,0.54223762439195,0.611493232749057
nyp.33433076053762,0.505101835047389,0.661200585651537
mdp.39015031332862,0.514420998010897,0.600193076816991
mdp.39015048759016,0.491384326187173,0.597920727745289
mdp.39076002657265,0.49440203562341,0.569881692400241
uc2.ark+=13960=t3222sk2s,0.567438148443735,0.62722280334728
inu.30000118528748,0.559803921568627,0.664763458401305
mdp.39015083943665,0.508713636671865,0.592102408331525
uc2.ark+=13960=t8z89353s,0.494939163417077,0.609419960623959
uva.x000429691,0.472382048331415,0.628758797184901
uc2.ark+=13960=t5x63bm4w,0.578627750222561,0.636028178463603
uva.x000315604,0.529224960745223,0.587160645029598
uc2.ark+=13960=t1bk18j97,0.451067538126362,0.609553478712357
nyp.33433076047871,0.521443067272697,0.583916513198281
nyp.33433074879481,0.523241400681748,0.572547444522542
mdp.39015000613680,0.501452831406986,0.616419165032222
inu.39000005852087,0.586304160463841,0.650513622152747
uc2.ark+=13960=t1zc7v45r,0.505150601229877,0.593181027484634
nyp.33433075749287,0.486412297556959,0.614929528449626
nyp.33433074841895,0.534984322865143,0.605756904789652
nyp.33433074949615,0.514916286149163,0.587744938832954
nyp.33433075741243,0.553020753812559,0.624556926130725
mdp.39076002286230,0.468360517773414,0.59286412512219
umn.319510024638086,0.462402443162538,0.611491391827422
nyp.33433076076144,0.464421974356301,0.624085426141981
uc2.ark+=13960=t53f4nk4h,0.522935990449077,0.62108705809064
nyp.33433076081649,0.569495263395319,0.643517523113309
uc1.b3728033,0.536973699728742,0.659662622077538
nyp.33433074968045,0.531916803159146,0.633699633699634
uc2.ark+=13960=t3125st2r,0.519977070793924,0.613856950873525
uva.x001705067,0.530816594019569,0.56227027027027
mdp.39076002607435,0.495351971524346,0.608365019011407
mdp.39015010776881,0.524795092992808,0.635950776443012
nyp.33433082530043,0.543250233493785,0.636487098234495
nyp.33433068179559,0.550208903616194,0.620037598142209
uc2.ark+=13960=t2h70dm6b,0.526881720430108,0.647449521785335
uc2.ark+=13960=t7pn9035n,0.556498030899727,0.626578900551503
nyp.33433074807342,0.469266824473672,0.591061778881262
nyp.33433082485636,0.475091925653554,0.590350681259772
nyp.33433076054620,0.508152475320738,0.599387953818334
uc2.ark+=13960=t1pg1k81k,0.568690437948388,0.679375639713408
uc2.ark+=13960=t7np1xq4d,0.532519886261383,0.602881933684537
nyp.33433082251855,0.534338295803097,0.602827239363871
mdp.39015013429249,0.509194367646113,0.580124223602485
mdp.39076002660483,0.512197671987175,0.595777951524629
nyp.33433082524822,0.533191612716204,0.678745267712277
nyp.33433074926712,0.527001236967662,0.602593733949666
LindsayVoyageToArcturus1920,0.725422913843598,0.638436935057711
4485,0.690731654715048,0.59628217349857
4463,0.637954711468225,0.526871131119865
nyp.33433082514302,0.556433564501423,0.609383675735702
4459,0.683628719509985,0.577071391349661
4458,0.703354564755839,0.597093307278945
4497,0.688760675303323,0.550653740104954
mdp.39015063960556,0.475395746722098,0.635847674844379
nyp.33433075746812,0.544564929912722,0.603087770483832
nyp.33433074970710,0.462672258837627,0.626681614349776
mdp.39015031235545,0.508330141708158,0.660564691281415
4449,0.736493540388882,0.643989071038251
nyp.33433076047608,0.518506499052044,0.607857672349889
4625,0.653606130026068,0.585136217948718
4529,0.721153846153846,0.665437479047938
mdp.39076002194368,0.496529731757644,0.613375640712717
4528,0.689551339957844,0.626217645421653
4599,0.74862002088617,0.702027027027027
nyp.33433075732655,0.529886000911993,0.580508921972337
mdp.39015002753815,0.505748319622142,0.632622181873203
4605,0.724360103692145,0.576060968320383
4514,0.704054382131585,0.646337629676202
4611,0.648357906726571,0.468592964824121
uc1.32106002123104,0.500545102866186,0.527482957977392
dul1.ark+=13960=t16m3xm4f,0.536238507446637,0.603417796110784
4705,0.73662150719729,0.670286707211121
njp.32101067301786,0.556057941890647,0.667940052894505
4708,0.697833124862041,0.597482912010416
uc2.ark+=13960=t93776z9n,0.551206799970774,0.632661130881771
mdp.39015063096088,0.596338747351839,0.632847935068035
uc1.31822033251729,0.521420218985862,0.642515923566879
nyp.33433074968417,0.590265486725664,0.657272986051808
nyp.33433076073893,0.454728669014383,0.624426605504587
4730,0.697809728943467,0.592761557177616
4720,0.694394924496644,0.602296072507553
4655,0.71374879612882,0.638741872070165
mdp.39015062473205,0.486426531347919,0.655078534031414
4698,0.679754107971391,0.584516269927932
4690,0.719063460219914,0.628229849595064
nyp.33433076072051,0.488083102762002,0.613926975812664
mdp.39015085351131,0.514111922141119,0.607919930374238
4748,0.695019459642394,0.623608017817372
uc2.ark+=13960=t9c53g45j,0.522320950647682,0.631604459524964
uc2.ark+=13960=t70v8bj6k,0.548204345041628,0.610236724248241
uc2.ark+=13960=t23b5ww6x,0.550854736375474,0.639491046182846
11113,0.717483660130719,0.613954860598908
11114,0.717909183695629,0.65097335358277
11109,0.703075051628052,0.615720524017467
10008,0.737991748931781,0.647347224654176
11018,0.732046678635548,0.604870956015994
10216,0.710763308882272,0.577499414656989
11123,0.730241624951868,0.623033187888404
11121,0.67779632721202,0.633346124328473
10235,0.742327795890907,0.663998170173833
11022,0.658735739959369,0.492709658479303
11156,0.708846195012309,0.628667998156399
11148,0.702265372168285,0.616239469438968
11141,0.697379223239659,0.600686856072432
11166,0.734637702722809,0.653104925053533
11169,0.734099655661333,0.632979619336365
10265,0.649164621483859,0.546757518796993
10250,0.740337409622423,0.667820069204152
11203,0.718454798521426,0.612360240815825
11191,0.694457540498237,0.551509054325956
11030,0.731238514144549,0.612566215420836
10270,0.713546242884975,0.598730606488011
10272,0.689619859085696,0.57213052790727
10269,0.739387956564659,0.697307335190344
LovecraftCharlesDexter1927,0.69233935855694,0.599742783652472
10286,0.696862435135228,0.622958542713568
11226,0.719051066436487,0.614317288801572
10053,0.726932668329177,0.647637051039698
10292,0.695109987137282,0.579580697183972
11234,0.663004116500046,0.565482710061023
11242,0.756862362020123,0.651221144195383
10298,0.699489717024896,0.618013527945888
10302,0.713514665151623,0.642687602702209
10312,0.668249670404446,0.525956284153005
10310,0.693790734886625,0.625868791320563
11100,0.696042458393395,0.595487179487179
11255,0.692752539056881,0.608741815607857
11252,0.682850806209914,0.615945716709075
10301,0.709139608614846,0.628609359442416
10065,0.650649495663825,0.632941804591564
11277,0.714767525897374,0.647018505825908
11285,0.69892337560828,0.602067183462532
11298,0.733003446483239,0.581464340809303
11302,0.639891611687088,0.52755065766086
11311,0.704427612850752,0.612980409750262
10086,0.696960465746006,0.651033894691963
10083,0.667508141266756,0.553484370519071
10336,0.706453903359617,0.612006578947368
11305,0.735600161117078,0.587375141592009
11300,0.699264601895064,0.617516629711752
10330,0.683858177221009,0.591698113207547
10337,0.708791414956287,0.615185950413223
11349,0.70111461109765,0.610915492957746
10362,0.716116120246766,0.587392202113446
10361,0.665614492554724,0.573709050527485
10365,0.650930815597162,0.570703764320786
10359,0.650096692616651,0.563086548488008
10353,0.705347878515943,0.617021276595745
10357,0.716504030547306,0.597682565346268
10355,0.700808542155289,0.578284343131374
10096,0.716506872560665,0.59765625
11323,0.685142085452404,0.614590876176684
10090,0.701602267306451,0.614668440053202
11339,0.682671957671958,0.596578189958427
11316,0.65826647078766,0.528952447797859
11384,0.619285099488634,0.538353819822623
11385,0.727711071192209,0.569184524386696
11383,0.731674173985254,0.603344250991208
11364,0.679855184897854,0.614220344948962
11358,0.718310164602806,0.618912975180647
11043,0.682457937088515,0.57615455868731
11044,0.707277359827526,0.538634658664666
10377,0.659111730231041,0.449807405078217
10380,0.742122322435175,0.559190031152648
11416,0.707373102959505,0.615072316670896
11046,0.694748431869745,0.593143690736689
10108,0.73004279179578,0.565416547380475
11404,0.683087597571552,0.61547249877591
10403,0.706619697002442,0.575195626540894
11396,0.677386259109885,0.593190998268898
10435,0.692088747871124,0.563926015930876
11442,0.663584279827118,0.541788917763434
10460,0.66215521208348,0.599337748344371
DinesenGothicTales1934,0.746740547588005,0.581022103336618
11472,0.670267905223479,0.461657549798741
11469,0.684799653923106,0.569796635701732
11468,0.675000780347723,0.597558786573326
11462,0.678710014021587,0.530819274451428
10476,0.647189349112426,0.509276295614842
10117,0.718458479889891,0.664421553090333
11499,0.69012192087584,0.583766233766234
10490,0.665694531741043,0.529509559434746
10494,0.690198766278273,0.598001816530427
10514,0.6673055028463,0.59683347469607
11552,0.730255564715581,0.614147322244562
11545,0.685134174515728,0.628003314001657
10531,0.62530517578125,0.570486111111111
10526,0.732991953182151,0.592055701403949
11519,0.715984920266919,0.595582910934106
11535,0.651371100809303,0.537774537501139
10561,0.709263446167564,0.575034340659341
11591,0.759366587490103,0.654396055875103
11575,0.658518638166514,0.498015873015873
11061,0.742121269209032,0.605564858946284
11564,0.677114093959732,0.600473186119874
11584,0.684316726969107,0.585014836795252
10543,0.720345454066721,0.598178622783192
10542,0.733577859286429,0.650212608615271
11606,0.728013111447302,0.627241223444327
11593,0.632021291497409,0.547447493484593
11592,0.671771564074696,0.551068883610451
10588,0.670629512569954,0.606993261700965
10889,0.697154411108798,0.583729433272395
11101,0.719187832471716,0.581004657351963
10622,0.664381344710902,0.5909162592651
10621,0.662347771500314,0.565780216687773
11664,0.731476091476091,0.600572655690766
10151,0.681891456206341,0.586271676300578
11675,0.667918473251169,0.604638903531892
10645,0.710617738410215,0.567036941358822
11681,0.628950695322377,0.536991869918699
11074,0.754036976363211,0.625702655553402
11073,0.69207534196115,0.574538357603963
10679,0.720607064848987,0.611779493625426
10690,0.698939945200557,0.615022685262981
10661,0.672988399926349,0.614184654453111
10665,0.672496187086934,0.597810979847116
10688,0.644589315024158,0.590114068441065
11709,0.662310650655365,0.603313654541992
11703,0.679534141072603,0.615370539798719
11711,0.698694516971279,0.572346327931085
11730,0.667306992356533,0.573182591782154
11736,0.671386524540609,0.551470588235294
11724,0.72901987827182,0.593228819212809
10700,0.71807392755594,0.671397379912664
10723,0.633736163841506,0.567166231266327
10736,0.738842726623303,0.643390514631685
10733,0.690079376702498,0.60533542565712
10746,0.651193922978737,0.606628492104807
11081,0.71931996617949,0.60908976457258
10761,0.717900558251161,0.586960261482883
11778,0.734799186236072,0.577917068466731
10778,0.667975382003396,0.616984402079723
10774,0.657952871870398,0.589172625127681
11782,0.734168595941713,0.642307692307692
10793,0.776071642852381,0.625871417505809
10765,0.662403688265757,0.594148537134284
11809,0.690776666442908,0.551072885263345
11803,0.711101409202261,0.58900073655782
10829,0.750458764394564,0.623439000960615
10827,0.664064365181684,0.564694224235561
10828,0.678106715570692,0.621183370708987
10181,0.818936294564582,0.73455497382199
10835,0.690163082995741,0.593777646711884
10834,0.685751954044637,0.607744433688287
10832,0.70144936006078,0.593829564175528
10803,0.689386030325628,0.555056179775281
10808,0.70029101938763,0.595648604269294
PeakeTitusGroan1946,0.735843529597332,0.575045521546866
10814,0.667871916653899,0.611524163568773
10853,0.690321944161268,0.603031335149864
11829,0.66793618116315,0.517296328265055
10838,0.711401861528413,0.563809748057452
11836,0.686838764282692,0.544133192389006
10862,0.68793338333665,0.545203111495246
10877,0.710174679008659,0.606936416184971
10874,0.697050004836058,0.598459477561956
10911,0.636144803571011,0.550742273059138
10916,0.703741967477323,0.579006072623621
10922,0.730710340679171,0.610283998498686
10923,0.683281059592065,0.590841146894959
10883,0.702820087467954,0.627860696517413
Derleth1948,0.719293078055965,0.682490272373541
10917,0.675156174915906,0.543171919036639
11860,0.698099303755654,0.590573537762635
11877,0.658517150204643,0.606251228621978
11882,0.680016515276631,0.636522172396612
11096,0.710514506467914,0.55444468593784
10954,0.682895154540994,0.58113419427288
10951,0.711289174890945,0.565028634768151
10968,0.697461257402041,0.596486374325633
10962,0.685650440874502,0.615147671679652
11900,0.784019836423522,0.670609645131938
11896,0.648741751481937,0.545879867189858
10993,0.698131084634152,0.597785502768122
11928,0.683463852003178,0.58458813108946
11921,0.753423609517252,0.639279985742292
11927,0.741367159971811,0.611561318206375
11932,0.672496356443889,0.561002697128352
11004,0.728010666248382,0.620355411954766
11007,0.677638007786447,0.537892791127542
11098,0.735490168735183,0.603078358208955
11099,0.741079393398751,0.668100799016595
11907,0.657932421315621,0.5528761617684
11903,0.730435501198248,0.60840108401084
10202,0.662973865308883,0.51536149607614
10970,0.652914625419717,0.569913211186114
10986,0.742063962447547,0.613192060886435
10983,0.700280967505497,0.607692307692308
11013,0.680707857520986,0.621770516717325
20041,0.686469724171699,0.52243137254902
20032,0.71066876200454,0.593517635843661
20008,0.699396101254733,0.605385996409336
20002,0.676406894301225,0.589110262008734
20026,0.662475416706967,0.543228965339518
20021,0.735384615384615,0.604843953185956
23468,0.723114018441205,0.596168108776267
20044,0.694230307556883,0.578410645442109
20049,0.690097468525789,0.567768037761295
20065,0.714249674136989,0.636402939904885
20078,0.717814009661836,0.601296914914522
20079,0.654961635889717,0.522554485554992
20075,0.677203031678949,0.618170266836086
20070,0.695319804212726,0.552555047777316
20106,0.669786734206952,0.622177954847278
20114,0.7040858228108,0.601494396014944
20083,0.698037770090172,0.589266004415011
20089,0.702359623375138,0.618973214285714
20088,0.707474226804124,0.600685345696432
23474,0.712498062916473,0.592559332905709
20102,0.646701649175412,0.555935682517961
20136,0.728375955459092,0.560802340158796
20139,0.664023226430818,0.590902421129861
20162,0.663904695351236,0.602284898250625
20163,0.68941717791411,0.618598064668397
20133,0.699927306117764,0.611988054607508
20152,0.699568192928141,0.593967517401392
20151,0.679745908479368,0.516849771633132
20176,0.651399491094148,0.61942538593482
20194,0.672307692307692,0.562010582010582
20205,0.683226594602599,0.632622916227052
20240,0.712454502294667,0.624109486314211
20222,0.690076141052363,0.623428977946407
20233,0.706166503132312,0.594013560443195
20218,0.692395190120247,0.59727662749487
20219,0.642791800779265,0.605153782211139
23487,0.6919595314164,0.605413105413105
20290,0.690854199964482,0.633458007480449
20293,0.722414069110618,0.6015625
20270,0.64468924248606,0.569494225408204
20350,0.710307608146777,0.541517857142857
20352,0.705358840756095,0.593254232768964
20335,0.67337740944222,0.582070707070707
20380,0.700787230340988,0.559964151865732
20371,0.676739239239239,0.612086203065985
20370,0.692785053333628,0.559941520467836
20374,0.71660854100746,0.555968662860178
21104,0.68797472847306,0.592547092547093
BlochPsycho1959,0.702131454561669,0.638949144372138
JacksonHillHouse1959,0.706608591168519,0.621414215238443
20390,0.716851808083195,0.63028594442207
20393,0.662034794918601,0.634674922600619
20427,0.655290456431535,0.574343607305936
20428,0.68096257889991,0.574679571017526
20414,0.678390955884081,0.555337262606418
20417,0.666613804860643,0.58515625
20433,0.63060047224796,0.597242035187827
20471,0.668436456572818,0.528046238393026
20474,0.677985857486984,0.641491395793499
20450,0.674209205020921,0.594035858031467
20496,0.659985342616343,0.592814371257485
20481,0.721827848828855,0.591515729265968
20480,0.708015840502526,0.553630116522259
20485,0.699301957397812,0.588166373755126
20505,0.637244433898841,0.588969139855548
23507,0.675054998122015,0.525741176470588
20526,0.667400710863854,0.645833333333333
20522,0.694533437602482,0.576222890612633
20544,0.687761802332163,0.560441485634198
20563,0.67500544622758,0.581884287069238
20533,0.702878664354855,0.543363299841354
20582,0.697563118831301,0.591955960004494
23514,0.669490518309763,0.521047917599642
20573,0.703471281831093,0.608262108262108
20572,0.711234677113611,0.596181818181818
20592,0.753041818615589,0.625371655104063
20665,0.703966394359656,0.576221571718082
20618,0.674346201743462,0.635763047786831
20661,0.705416426096998,0.574881765633211
23516,0.709209520168228,0.587539851222104
20642,0.720800948032484,0.557176860188347
20648,0.659141908869808,0.530792100233595
20649,0.697453404687212,0.628721124077161
20653,0.68929121436352,0.598413379073756
20655,0.684722776226566,0.611603053435114
20620,0.692791014484695,0.56882463859208
20632,0.658775056829924,0.522444202959124
20709,0.653108150967333,0.554685353118989
20684,0.659631850435967,0.582091555913545
20694,0.626347218176522,0.576024909185262
20698,0.722272004624946,0.570633448184469
20683,0.676150255612358,0.550669772859639
20720,0.658493155766591,0.595477386934673
20723,0.711784830397438,0.594708829054477
20677,0.753576607056549,0.613056718690521
20673,0.670468118992094,0.585062893081761
20671,0.657987024373137,0.61621116561551
20712,0.68011274663326,0.582548136009832
20767,0.635111334759089,0.595365121707236
20737,0.652719121564551,0.562673664711331
20727,0.656897005223011,0.578335949764521
20755,0.646768989273568,0.539067231980618
20750,0.737792117195675,0.598220171390903
20743,0.681378060969515,0.570976253298153
20734,0.665920982085082,0.553019981834696
20791,0.700148452666438,0.567060212514758
20772,0.708975879794385,0.588162104514753
20794,0.68866368842383,0.584266556062491
20820,0.6641408696545,0.517917331914139
20833,0.678324225865209,0.603008622271143
20837,0.655272750191708,0.451179137167015
20821,0.666817376888587,0.585755566887642
20839,0.643224179006867,0.567041694242224
23531,0.710910456235462,0.595901834643793
20842,0.667451701931923,0.603312462128863
20819,0.714995171747827,0.587215350826494
20855,0.682284887924801,0.62582429270368
20866,0.615558261799388,0.507256637168142
20922,0.701550131926121,0.571674707098553
20919,0.681865711841313,0.586240444753301
20871,0.719462864328165,0.544215893108298
20898,0.67454852858298,0.599561403508772
20899,0.728028856354763,0.61798863355572
23537,0.630171780552778,0.446118551587302
20956,0.739124542620951,0.663721041318366
20942,0.688911322458955,0.597960512041658
20936,0.619175494481073,0.531822242072354
20961,0.674411358881916,0.582717968648789
20979,0.657266481952404,0.606110458284371
20996,0.673862199747156,0.546273906353045
20982,0.696113732306928,0.577043322912014
21035,0.639539389913082,0.576203542030432
21028,0.648422278458334,0.576515546291471
21043,0.712967060757413,0.551939546599496
21116,0.712857598638732,0.602701822916667
21143,0.68343023255814,0.630070993914807
21142,0.696921766638277,0.571139971139971
21088,0.69394741485795,0.609770808202654
21147,0.679755966023999,0.56946800308404
21094,0.702108079792731,0.533044707545503
21114,0.719824498567335,0.562788954142197
21079,0.667699806617394,0.520202615149016
21127,0.671084835192778,0.57689124317166
21126,0.684933537121949,0.516192889381582
21221,0.675417334532234,0.569405926142169
21187,0.705445970601398,0.550232318017553
21211,0.672838589981447,0.56314623338257
21179,0.676440139022406,0.563841284545314
21288,0.680803169457951,0.549462251091471
21286,0.67515229419326,0.547262569832402
21318,0.656950456950457,0.524846894138233
21362,0.710902915278247,0.555896951075396
21351,0.709561663634778,0.586772022241733
21356,0.677858378810063,0.550637895731611
21355,0.690000546567556,0.517662921348315
21335,0.747652582159624,0.612306232204998
21379,0.691970091027308,0.587800719833302
21304,0.664580426549731,0.632756866734486
21341,0.664070941540296,0.576883736788271
21330,0.654586336882481,0.527957910192096
21453,0.670847361475946,0.566545167963747
21473,0.640743208811885,0.56309026165041
21443,0.659542434458155,0.532827958370808
21470,0.664113197404293,0.585256631071306
21412,0.668685714285714,0.551791025475236
21469,0.648323880564077,0.517174048105086
21417,0.704101179074112,0.564131786158309
21423,0.662956538498603,0.552829064919595
21390,0.709594344984371,0.576923076923077
21416,0.697637760064394,0.560839160839161
21569,0.660524924155974,0.552062301701759
21565,0.646693868425465,0.534815538724652
21560,0.636734693877551,0.571538313808335
21500,0.653335920930426,0.495734253040479
21494,0.669948779153613,0.558613659531091
21578,0.691580231848688,0.577284245043971
21579,0.695949099663449,0.583383777239709
21501,0.668796440910597,0.58579534337703
21511,0.71541153527636,0.63469387755102
21589,0.679587468379062,0.584826762246117
21542,0.678875285328906,0.437141707734084
21552,0.705388370396693,0.548840321141838
21519,0.711730589335828,0.599587810981893
21488,0.69278972462781,0.562033742683347
21670,0.641987680876027,0.524635993011066
21620,0.675575682833633,0.541494205298013
21685,0.684800059050396,0.549392807099486
21611,0.696129015530607,0.608128449573507
21607,0.656259395453179,0.567137599430132
21631,0.668811262914885,0.505425115617218
21672,0.720147261332659,0.592025019546521
21603,0.694265402843602,0.565853021798721
21739,0.667801283372299,0.50610298792117
21749,0.670016044925792,0.553922789539228
21686,0.688671143035603,0.572206466250709
21734,0.66306081275819,0.545935690033952
21845,0.665238824984768,0.546726292856324
21851,0.682643471913871,0.531788931788932
21904,0.668670346501748,0.568058357907807
21877,0.66210953346856,0.562582693834348
21876,0.659959824809827,0.524839506172839
21905,0.663434704830054,0.582443257676903
21900,0.68628190370341,0.567308788327824
21864,0.660520440372623,0.488581130567947
21866,0.675576546249309,0.579616858237548
21967,0.680988535800483,0.498495748855461
21999,0.640952458615347,0.53963877016407
21929,0.635471994205698,0.493064055487556
21920,0.693038249154355,0.570296048556918
22029,0.652772511848341,0.562442183163737
21981,0.631604822661828,0.587049884373968
22133,0.690621169970624,0.553127781824067
22054,0.722261431596152,0.623307720453714
22097,0.633610994389105,0.556690629335351
22073,0.681724137931034,0.562429413979169
22107,0.682024975627872,0.563448973957854
22103,0.636382325354302,0.493861305990286
22168,0.675492646631402,0.563331767653045
22221,0.638208972915308,0.554164868364264
22241,0.671070740434902,0.581929555895865
22193,0.642281170683498,0.510277972436347
22305,0.673588688080555,0.522464352972828
22340,0.679267045901382,0.58627316403569
22325,0.670269044740024,0.557495051286665
22332,0.694244820338304,0.582142857142857
22375,0.635482235016855,0.568781500148236
22488,0.690730984524202,0.566620689655172
22499,0.626244372582588,0.51444247216395
22492,0.649689819430597,0.580747945664934
22498,0.699674163554001,0.539544637507489
22530,0.677118238391575,0.593254722961836
22723,0.691385788333379,0.587981350371266
22685,0.750913871031639,0.59012685613138
22766,0.665132438531892,0.560917721518987
22783,0.644175184948287,0.517577781683952
22692,0.651761387312883,0.504917406664757
22748,0.669394770225478,0.586563876651982
22628,0.657423252890022,0.577681785457163
22623,0.651681292612929,0.508611955420466
22803,0.678449712208422,0.523948401570387
22678,0.61274058808376,0.520178571428571
22676,0.682823972176952,0.563394454382826
22708,0.696592514124294,0.536969174391033
23601,0.728738784884586,0.563842688842689
22649,0.650200654768191,0.544171779141104
22609,0.709900971351751,0.583980283425755
22741,0.727569500758946,0.592669535539397
22732,0.630778104314867,0.551521893012438
22787,0.686065077355063,0.613466823714173
22878,0.732884399551066,0.587867326156532
22897,0.6706526030797,0.544865768306696
22817,0.686986006256908,0.584665402329992
22904,0.662859602917342,0.556694426649584
22960,0.683511039961337,0.592712028377943
22894,0.650668590134828,0.537087029181129
23062,0.666528411447532,0.546539792387543
23092,0.661739895840974,0.584765695675774
23109,0.649850385847026,0.568547116293728
23200,0.698850551594445,0.531547522994998
23231,0.643757418187984,0.574453915823122
23059,0.672009216403581,0.551654287643484
23165,0.666615068220517,0.535066772795613
23126,0.680686437978905,0.522159029938835
23075,0.653614457831325,0.557087919374088
23191,0.628688703006934,0.543994756677044
23139,0.668594465271367,0.544570502431118
23117,0.680421063389458,0.542507204610951
lovecraft_1920s_a,0.733944040625311,0.637768465165008
lovecraft_1920s_b,0.703504908707221,0.589583923011605
lovecraft_1920s_c,0.719253639532499,0.602981029810298
lovecraft_early,0.730010834236186,0.635495811416326
lovecraft_innsmouth,0.716069299291576,0.611943539630836
lovecraft_late,0.706023093727244,0.574822171520601
lovecraft_mountains,0.70993304517332,0.592319302364582
lovecraft_reanimator,0.726247219574198,0.655526992287918
lovecraft_shadow,0.723085082203197,0.615751248297776
lovecraft_ward,0.708751850814358,0.587822979659153
lovecraft_whisperer,0.734334848784345,0.628099173553719
